-- MySQL dump 10.13  Distrib 8.0.35, for Linux (x86_64)
--
-- Host: localhost    Database: ELearningPlatform
-- ------------------------------------------------------
-- Server version	8.0.35-0ubuntu0.22.04.1

/*!40101 SET @OLD_CHARACTER_SET_CLIENT=@@CHARACTER_SET_CLIENT */;
/*!40101 SET @OLD_CHARACTER_SET_RESULTS=@@CHARACTER_SET_RESULTS */;
/*!40101 SET @OLD_COLLATION_CONNECTION=@@COLLATION_CONNECTION */;
/*!50503 SET NAMES utf8mb4 */;
/*!40103 SET @OLD_TIME_ZONE=@@TIME_ZONE */;
/*!40103 SET TIME_ZONE='+00:00' */;
/*!40014 SET @OLD_UNIQUE_CHECKS=@@UNIQUE_CHECKS, UNIQUE_CHECKS=0 */;
/*!40014 SET @OLD_FOREIGN_KEY_CHECKS=@@FOREIGN_KEY_CHECKS, FOREIGN_KEY_CHECKS=0 */;
/*!40101 SET @OLD_SQL_MODE=@@SQL_MODE, SQL_MODE='NO_AUTO_VALUE_ON_ZERO' */;
/*!40111 SET @OLD_SQL_NOTES=@@SQL_NOTES, SQL_NOTES=0 */;

--
-- Table structure for table `Assessments`
--

DROP TABLE IF EXISTS `Assessments`;
/*!40101 SET @saved_cs_client     = @@character_set_client */;
/*!50503 SET character_set_client = utf8mb4 */;
CREATE TABLE `Assessments` (
  `assessment_id` int NOT NULL,
  `course_id` int DEFAULT NULL,
  `assessment_name` varchar(100) DEFAULT NULL,
  `max_score` int DEFAULT NULL,
  `assessment_date` date DEFAULT NULL,
  PRIMARY KEY (`assessment_id`),
  KEY `course_id` (`course_id`),
  CONSTRAINT `Assessments_ibfk_1` FOREIGN KEY (`course_id`) REFERENCES `Courses` (`course_id`)
) ENGINE=InnoDB DEFAULT CHARSET=utf8mb4 COLLATE=utf8mb4_0900_ai_ci;
/*!40101 SET character_set_client = @saved_cs_client */;

--
-- Dumping data for table `Assessments`
--

LOCK TABLES `Assessments` WRITE;
/*!40000 ALTER TABLE `Assessments` DISABLE KEYS */;
INSERT INTO `Assessments` VALUES (1,4,'local',84,'2023-11-10'),(2,9,'everyone',86,'2023-11-10'),(3,47,'high',70,'2023-11-06'),(4,15,'thousand',50,'2023-11-07'),(5,13,'cover',61,'2023-11-28'),(6,25,'study',58,'2023-11-17'),(7,18,'analysis',59,'2023-11-20'),(8,10,'site',73,'2023-10-30'),(9,39,'win',80,'2023-10-31'),(10,5,'mind',76,'2023-11-02'),(11,11,'run',66,'2023-11-21'),(12,43,'office',70,'2023-11-15'),(13,48,'believe',88,'2023-10-31'),(14,40,'design',100,'2023-11-21'),(15,34,'top',74,'2023-11-25'),(16,44,'suggest',80,'2023-11-02'),(17,12,'father',99,'2023-11-24'),(18,33,'if',100,'2023-11-10'),(19,26,'drug',56,'2023-11-20'),(20,45,'will',61,'2023-11-28'),(21,28,'various',55,'2023-11-04'),(22,46,'citizen',65,'2023-11-27'),(23,19,'need',73,'2023-11-25'),(24,50,'main',70,'2023-11-07'),(25,37,'song',76,'2023-11-20'),(26,41,'tree',69,'2023-11-08'),(27,22,'husband',62,'2023-11-25'),(28,20,'well',50,'2023-11-21'),(29,6,'radio',99,'2023-11-09'),(30,16,'officer',94,'2023-11-07'),(31,35,'different',90,'2023-10-30'),(32,24,'soon',83,'2023-11-12'),(33,3,'move',58,'2023-11-10'),(34,29,'history',72,'2023-11-18'),(35,38,'week',63,'2023-10-31'),(36,21,'prepare',87,'2023-11-23'),(37,36,'property',71,'2023-11-17'),(38,32,'beat',90,'2023-10-30'),(39,1,'road',85,'2023-11-10'),(40,49,'get',93,'2023-11-06'),(41,14,'guy',95,'2023-11-02'),(42,42,'feeling',81,'2023-11-28'),(43,2,'quickly',71,'2023-11-23'),(44,7,'language',88,'2023-11-16'),(45,8,'consumer',53,'2023-10-30'),(46,17,'manager',74,'2023-11-04'),(47,30,'fight',57,'2023-11-22'),(48,27,'tree',97,'2023-11-08'),(49,23,'floor',65,'2023-10-31'),(50,31,'my',61,'2023-11-05'),(51,4,'new',91,'2023-11-15'),(52,9,'space',80,'2023-11-16'),(53,47,'price',75,'2023-11-21'),(54,15,'arm',62,'2023-11-26'),(55,13,'sort',69,'2023-11-11'),(56,25,'stay',99,'2023-11-09'),(57,18,'foot',67,'2023-11-13'),(58,10,'ready',60,'2023-11-08'),(59,39,'economic',83,'2023-11-19'),(60,5,'billion',92,'2023-11-01');
/*!40000 ALTER TABLE `Assessments` ENABLE KEYS */;
UNLOCK TABLES;

--
-- Table structure for table `Certificates`
--

DROP TABLE IF EXISTS `Certificates`;
/*!40101 SET @saved_cs_client     = @@character_set_client */;
/*!50503 SET character_set_client = utf8mb4 */;
CREATE TABLE `Certificates` (
  `certificate_id` int NOT NULL,
  `student_id` int DEFAULT NULL,
  `course_id` int DEFAULT NULL,
  `issue_date` date DEFAULT NULL,
  PRIMARY KEY (`certificate_id`),
  KEY `student_id` (`student_id`),
  KEY `course_id` (`course_id`),
  CONSTRAINT `Certificates_ibfk_1` FOREIGN KEY (`student_id`) REFERENCES `Students` (`student_id`),
  CONSTRAINT `Certificates_ibfk_2` FOREIGN KEY (`course_id`) REFERENCES `Courses` (`course_id`)
) ENGINE=InnoDB DEFAULT CHARSET=utf8mb4 COLLATE=utf8mb4_0900_ai_ci;
/*!40101 SET character_set_client = @saved_cs_client */;

--
-- Dumping data for table `Certificates`
--

LOCK TABLES `Certificates` WRITE;
/*!40000 ALTER TABLE `Certificates` DISABLE KEYS */;
INSERT INTO `Certificates` VALUES (1,684,15,'2023-03-26'),(2,1019,40,'2023-03-01'),(3,434,7,'2023-10-24'),(4,874,21,'2023-02-28'),(5,569,6,'2023-10-28'),(6,661,22,'2023-01-31'),(7,675,41,'2023-06-01'),(8,9,45,'2023-07-20'),(9,492,48,'2023-09-12'),(10,1063,38,'2023-03-20'),(11,779,50,'2023-02-16'),(12,597,2,'2023-03-09'),(13,654,46,'2023-02-11'),(14,341,9,'2023-01-21'),(15,481,39,'2023-04-22'),(16,681,1,'2023-04-08'),(17,589,32,'2023-08-06'),(18,403,42,'2023-11-11'),(19,200,24,'2023-09-18'),(20,521,12,'2023-04-16'),(21,553,23,'2023-06-25'),(22,378,43,'2023-03-06'),(23,853,3,'2023-08-21'),(24,691,31,'2022-12-01'),(25,198,16,'2023-06-16'),(26,191,13,'2022-12-11'),(27,105,35,'2023-03-23'),(28,1026,25,'2023-01-02'),(29,51,29,'2023-08-07'),(30,413,20,'2023-10-06'),(31,687,10,'2023-06-01'),(32,647,4,'2023-06-10'),(33,1009,49,'2023-09-09'),(34,777,14,'2023-09-05'),(35,823,33,'2023-07-12'),(36,367,44,'2023-10-04'),(37,1045,30,'2023-02-19'),(38,1077,11,'2023-07-20'),(39,1097,36,'2023-10-13'),(40,260,5,'2023-01-28'),(41,396,8,'2023-07-09'),(42,1067,18,'2023-03-03'),(43,204,27,'2023-11-06'),(44,839,28,'2023-02-07'),(45,294,47,'2023-11-20'),(46,181,37,'2023-10-14'),(47,162,34,'2023-03-29'),(48,14,26,'2023-08-23'),(49,819,19,'2023-10-22'),(50,575,17,'2023-07-18'),(51,601,15,'2023-02-21'),(52,149,40,'2022-12-24'),(53,796,7,'2023-09-23'),(54,764,21,'2023-07-02'),(55,743,6,'2023-08-08'),(56,522,22,'2023-02-20'),(57,582,41,'2023-05-19'),(58,982,45,'2023-02-16'),(59,138,48,'2023-03-31'),(60,399,38,'2023-01-17'),(61,998,50,'2023-03-08'),(62,609,2,'2023-03-13'),(63,466,46,'2023-02-11'),(64,748,9,'2022-12-21'),(65,910,39,'2023-08-10'),(66,738,1,'2022-12-26'),(67,58,32,'2023-04-15'),(68,999,42,'2023-05-23'),(69,95,24,'2023-03-11'),(70,111,12,'2023-01-24');
/*!40000 ALTER TABLE `Certificates` ENABLE KEYS */;
UNLOCK TABLES;

--
-- Table structure for table `Courses`
--

DROP TABLE IF EXISTS `Courses`;
/*!40101 SET @saved_cs_client     = @@character_set_client */;
/*!50503 SET character_set_client = utf8mb4 */;
CREATE TABLE `Courses` (
  `course_id` int NOT NULL,
  `course_name` varchar(100) DEFAULT NULL,
  `instructor_id` int DEFAULT NULL,
  `start_date` date DEFAULT NULL,
  `end_date` date DEFAULT NULL,
  `description` text,
  PRIMARY KEY (`course_id`),
  KEY `instructor_id` (`instructor_id`),
  CONSTRAINT `Courses_ibfk_1` FOREIGN KEY (`instructor_id`) REFERENCES `Instructors` (`instructor_id`)
) ENGINE=InnoDB DEFAULT CHARSET=utf8mb4 COLLATE=utf8mb4_0900_ai_ci;
/*!40101 SET character_set_client = @saved_cs_client */;

--
-- Dumping data for table `Courses`
--

LOCK TABLES `Courses` WRITE;
/*!40000 ALTER TABLE `Courses` DISABLE KEYS */;
INSERT INTO `Courses` VALUES (1,'Persistent multimedia access',6,'2023-11-24','2023-12-29','Hotel move staff truth difference window. Third marriage change get. Century necessary both loss discover music.'),(2,'Seamless transitional initiative',1,'2023-11-01','2023-12-06','Analysis break thousand on their look politics. Able federal direction actually issue.\nThrow mention often democratic. Others shake cover. Woman world world bar night offer world.'),(3,'Optional reciprocal architecture',11,'2023-11-11','2024-02-09','Reason strong series entire sea lose can. Deep operation fall current across.\nChild occur large process. Son book music administration draw. Later all factor cultural. Arrive vote around in page.'),(4,'Object-based optimal implementation',12,'2023-11-28','2023-12-28','Weight per interest every rich often back total. Network walk manager. Add lead sense full recently represent.'),(5,'Phased client-driven service-desk',22,'2023-11-05','2024-01-14','Continue show leave form.\nWhom spring man later black. Full food value physical fill sing even. Card town possible radio everything both.'),(6,'Self-enabling zero-defect parallelism',36,'2023-10-30','2023-12-24','Great thousand yes.\nNational seven live. Door accept skill short. View defense several fast face very.'),(7,'Quality-focused bifurcated ability',39,'2023-11-19','2024-02-10','Student issue wall garden good defense oil. Least writer year. Yard yes son bar political close right poor.'),(8,'Function-based national workforce',40,'2023-11-14','2024-01-04','Old strong example. Discussion drive matter simple.'),(9,'Synergistic tangible structure',17,'2023-10-30','2024-01-14','Learn positive nothing cut. Church address type will old.'),(10,'Programmable web-enabled infrastructure',34,'2023-11-09','2023-12-17','Democratic none realize anyone century area. Moment nearly drop lead focus.\nPoint rock plan citizen far. Range enjoy once firm new college.'),(11,'User-friendly high-level secured line',38,'2023-10-31','2023-12-22','Network five number respond. Stop within seven place second ball. Research management western ground image.\nBlue truth most cut audience particularly. National maintain physical he.'),(12,'Progressive web-enabled pricing structure',19,'2023-11-10','2024-01-24','Simple above reflect. Tonight drug central front own yard character. Painting perform center special glass amount.'),(13,'Polarized next generation knowledgebase',7,'2023-11-17','2024-02-03','Left politics key. Serve clearly area authority expert pass join school.\nEmployee sing budget again heavy everything. Bar team today boy certainly information. Involve able others dog night hope.'),(14,'Advanced discrete moderator',10,'2023-11-21','2024-01-29','Off answer especially. Organization policy language book his.\nWould here morning study lay. End green couple lay buy social. Talk phone heart risk world.'),(15,'Realigned solution-oriented neural-net',13,'2023-11-26','2024-01-11','Particularly truth choose alone top. Prevent figure against political think. Build arm fast cold someone water another. Tree trade stand.'),(16,'Advanced radical adapter',14,'2023-11-05','2024-01-16','Anything either somebody however hot. Each western watch project street concern him.\nBetter product high marriage. Page Democrat answer throw business baby. Gas owner close water reach.'),(17,'Self-enabling grid-enabled contingency',29,'2023-11-22','2024-02-04','Adult network you in now say though sense. Coach suffer increase some.\nDown almost conference party side close movement. Cost ok available parent set commercial. Poor cultural leader age experience.'),(18,'Configurable client-driven middleware',20,'2023-11-07','2023-12-25','Development about young throughout spend.\nWalk throughout institution return college. Big material great himself teach. Air personal continue rich staff war.\nForward under toward.'),(19,'Adaptive solution-oriented software',4,'2023-11-18','2024-01-20','Determine sometimes clearly ok movie across least want. Hit single law government alone culture.\nMind off watch win. Beyond easy participant receive catch free rule.'),(20,'Optional human-resource hardware',24,'2023-11-01','2023-12-20','Step probably throw ability machine style process TV. Effort show politics make activity mother front. Claim performance data dream address. Effort notice need forget certain bill.'),(21,'Enterprise-wide grid-enabled encoding',30,'2023-11-22','2024-02-06','One whose whose. Account before least. Identify truth crime ok. Home theory heart story full want.'),(22,'Digitized bi-directional toolset',15,'2023-11-11','2023-12-30','Town involve suggest easy its so end hair. Sort whole then early clearly above political. Officer foreign happy game agree herself stuff.'),(23,'Persevering directional superstructure',18,'2023-11-26','2024-01-27','Able worker stock system. These toward they road deep usually many.\nTalk fly education choose.\nFight practice professor follow so stop. Foreign president hundred return student.'),(24,'Decentralized bottom-line utilization',31,'2023-11-19','2023-12-30','Nice director trade from travel value somebody. Evidence onto small religious past my.\nMiddle if large century score. Wonder act knowledge quite magazine although final.'),(25,'Networked upward-trending analyzer',33,'2023-11-04','2023-12-28','Safe hope value cause south Congress forward. Performance serious billion task. Around decade accept.\nRight budget accept bit provide help. Least ten floor else everything.'),(26,'Re-engineered web-enabled migration',9,'2023-11-06','2024-01-06','Produce address affect moment action Mrs mother.\nTwo TV very affect future. Resource think later rich piece brother after. Talk defense whatever back most now rule.'),(27,'Re-contextualized value-added hierarchy',3,'2023-11-02','2023-12-17','You window born tough. None clearly along yet gas simply.\nCenter standard growth many ask east. Decision month never quickly end.'),(28,'Exclusive grid-enabled functionalities',5,'2023-11-07','2024-01-22','Prepare letter others three group. Open coach million notice purpose anything suggest.'),(29,'Diverse next generation initiative',28,'2023-11-19','2024-01-06','Over question record environmental. How Mr conference perhaps occur author. Claim help us capital against nothing.\nEver building finally industry let. Reveal mean help cold actually see.'),(30,'Implemented attitude-oriented utilization',21,'2023-11-18','2024-01-18','Particular big write per million. Apply prove wind memory arrive.\nHusband authority another fall article. Sense whatever through democratic. Prove happy they build but unit hot.'),(31,'Versatile needs-based customer loyalty',2,'2023-11-01','2024-01-07','Woman should cause stuff. Culture college matter direction and.\nDark big six east throw. Remember down free have out. Cold cold perhaps.'),(32,'Virtual bottom-line conglomeration',25,'2023-11-18','2024-02-12','These author sister everyone. Executive energy rate soldier start return statement.\nDifferent instead six true cup baby along. Season wall pressure long month produce.'),(33,'Optional methodical capacity',35,'2023-11-22','2024-02-20','Whole outside party wife. Measure nearly before hope street rise. Picture send matter water citizen offer. Painting officer plan unit.'),(34,'User-centric web-enabled model',32,'2023-11-24','2024-02-15','Manage staff food either scientist talk challenge. Brother produce impact late.\nMany per number everything hair coach focus. Top business certainly senior herself. Fly arm thousand room now piece.'),(35,'Multi-tiered eco-centric attitude',16,'2023-11-08','2024-01-26','Draw specific theory shake they security special. Pick hot throughout here color over bad. Television somebody with big spring girl identify. Single film fight.'),(36,'Virtual 24/7 methodology',8,'2023-11-03','2023-12-24','Sit audience live everyone. Both east center since program partner.'),(37,'Devolved asymmetric attitude',27,'2023-11-14','2024-01-24','Indeed we position so choice card we.\nActivity firm rather interesting start understand couple.\nEnvironmental energy show name. Onto feeling no listen success. Fact stuff wall anything theory.'),(38,'Diverse asymmetric collaboration',37,'2023-11-15','2023-12-27','Answer boy require fish young clearly quality. Conference trip she decade.\nIts wish protect sell international nature. Stock sense theory remember character know goal.'),(39,'Inverse uniform flexibility',23,'2023-10-30','2023-12-27','Shoulder dog task floor night much. Along deal a film.\nRace same song plant. Shoulder our discussion hour. Them man nor range your magazine.'),(40,'Persistent grid-enabled conglomeration',26,'2023-11-07','2024-01-20','Door beautiful then stuff serious glass blue. Parent and wait score people.\nSuch owner main body. Sense sell bank ask. Production for store several suffer game return.'),(41,'Integrated asynchronous functionalities',6,'2023-11-25','2024-02-01','Different ever rise level able. After ok finally break authority season box executive.\nCurrent word modern clear since. Analysis only past at middle.'),(42,'Vision-oriented fault-tolerant interface',1,'2023-11-16','2024-02-05','Medical kind lot ever point them whose. Lay gas eight road catch light three. Chance same hot. Hotel father entire manage great.'),(43,'Switchable asynchronous policy',11,'2023-11-16','2024-01-18','Decision night staff anyone. Speech fight then matter.\nPosition pass risk bit act everyone. Baby mouth simply resource. Trade ready produce.'),(44,'Configurable dynamic archive',12,'2023-11-27','2024-02-22','Sure thousand machine range. Tend after major third. We science clear just.'),(45,'Virtual leadingedge monitoring',22,'2023-11-22','2024-01-07','Standard sport young instead thought.\nHow particularly future leg easy. Congress leader sport. Time former any cup must.'),(46,'Extended cohesive matrices',36,'2023-11-01','2024-01-29','Develop our others edge body card series name. Much out collection war.\nFilm middle fish only buy especially. Professor ask check issue more argue red. Though least event most.'),(47,'Devolved multimedia definition',39,'2023-11-14','2024-01-21','Box level hold say group everyone former. If treatment plant three fire. Truth list artist address response force test order. Exactly above church maybe just.'),(48,'Reverse-engineered needs-based function',40,'2023-11-25','2024-01-29','Too tonight front reach. Knowledge article letter age.\nHe company discussion capital account company. My coach so we employee.'),(49,'Secured bottom-line benchmark',17,'2023-11-13','2024-01-15','Laugh future similar fly opportunity. Two picture use edge bar single side. Join around join quite behind professional every me.\nWestern admit itself find. Research try together rock election mouth.'),(50,'Ameliorated fault-tolerant Internet solution',34,'2023-11-23','2024-01-14','Last let tough sea right. Test son meet sense. Mother drop prevent country.\nWay later animal although rise into forget our. Goal majority focus product report.');
/*!40000 ALTER TABLE `Courses` ENABLE KEYS */;
UNLOCK TABLES;

--
-- Table structure for table `Enrollments`
--

DROP TABLE IF EXISTS `Enrollments`;
/*!40101 SET @saved_cs_client     = @@character_set_client */;
/*!50503 SET character_set_client = utf8mb4 */;
CREATE TABLE `Enrollments` (
  `enrollment_id` int NOT NULL,
  `student_id` int DEFAULT NULL,
  `course_id` int DEFAULT NULL,
  `enrollment_date` date DEFAULT NULL,
  PRIMARY KEY (`enrollment_id`),
  KEY `student_id` (`student_id`),
  KEY `course_id` (`course_id`),
  CONSTRAINT `Enrollments_ibfk_1` FOREIGN KEY (`student_id`) REFERENCES `Students` (`student_id`),
  CONSTRAINT `Enrollments_ibfk_2` FOREIGN KEY (`course_id`) REFERENCES `Courses` (`course_id`)
) ENGINE=InnoDB DEFAULT CHARSET=utf8mb4 COLLATE=utf8mb4_0900_ai_ci;
/*!40101 SET character_set_client = @saved_cs_client */;

--
-- Dumping data for table `Enrollments`
--

LOCK TABLES `Enrollments` WRITE;
/*!40000 ALTER TABLE `Enrollments` DISABLE KEYS */;
INSERT INTO `Enrollments` VALUES (1,591,12,'2022-07-16'),(2,861,24,'2022-09-12'),(3,832,3,'2022-05-14'),(4,766,10,'2023-01-06'),(5,719,17,'2023-06-24'),(6,678,42,'2022-01-24'),(7,628,1,'2023-06-01'),(8,379,15,'2023-04-06'),(9,681,20,'2022-03-10'),(10,361,41,'2023-02-25'),(11,133,8,'2023-01-15'),(12,734,4,'2022-07-04'),(13,515,16,'2022-07-03'),(14,1064,13,'2022-02-20'),(15,640,14,'2023-09-20'),(16,157,46,'2022-12-07'),(17,768,25,'2023-04-09'),(18,48,43,'2022-05-11'),(19,617,45,'2023-06-21'),(20,131,23,'2023-03-05'),(21,944,7,'2023-08-10'),(22,730,30,'2023-08-22'),(23,725,31,'2023-02-22'),(24,674,35,'2022-11-19'),(25,71,32,'2023-07-18'),(26,783,38,'2023-06-06'),(27,169,47,'2023-02-03'),(28,870,21,'2022-10-30'),(29,207,39,'2022-01-16'),(30,666,26,'2023-10-20'),(31,813,5,'2023-02-17'),(32,162,44,'2022-02-14'),(33,200,37,'2022-06-22'),(34,184,19,'2022-05-14'),(35,665,49,'2023-05-26'),(36,837,18,'2022-05-13'),(37,685,40,'2023-09-18'),(38,101,22,'2023-04-24'),(39,641,6,'2023-08-09'),(40,386,29,'2022-10-09'),(41,4,36,'2022-03-31'),(42,462,2,'2023-06-11'),(43,657,27,'2022-12-26'),(44,952,28,'2022-03-30'),(45,45,50,'2023-08-11'),(46,53,9,'2022-07-06'),(47,970,11,'2023-08-10'),(48,1095,33,'2022-08-23'),(49,395,48,'2022-10-12'),(50,324,34,'2022-11-05'),(51,36,12,'2022-06-20'),(52,958,24,'2023-02-02'),(53,797,3,'2023-06-13'),(54,761,10,'2022-01-25'),(55,872,17,'2023-02-10'),(56,757,42,'2022-11-11'),(57,927,1,'2023-04-09'),(58,142,15,'2022-07-10'),(59,227,20,'2023-07-03'),(60,1046,41,'2023-08-07'),(61,1093,8,'2022-05-24'),(62,751,4,'2023-06-19'),(63,602,16,'2022-05-08'),(64,1036,13,'2022-11-01'),(65,58,14,'2022-12-28'),(66,408,46,'2022-12-09'),(67,344,25,'2022-11-01'),(68,627,43,'2023-01-26'),(69,564,45,'2022-09-12'),(70,139,23,'2023-01-05'),(71,329,7,'2023-07-04'),(72,75,30,'2023-02-07'),(73,1092,31,'2022-12-08'),(74,746,35,'2023-08-02'),(75,403,32,'2022-10-13'),(76,691,38,'2023-06-17'),(77,35,47,'2023-04-27'),(78,1044,21,'2023-08-09'),(79,588,39,'2023-02-03'),(80,998,26,'2023-02-22'),(81,143,5,'2023-05-31'),(82,860,44,'2023-04-22'),(83,773,37,'2023-01-27'),(84,702,19,'2023-11-08'),(85,535,49,'2022-03-02'),(86,749,18,'2022-09-25'),(87,583,40,'2023-07-21'),(88,839,22,'2022-11-13'),(89,646,6,'2023-03-29'),(90,124,29,'2022-11-30'),(91,410,36,'2023-01-23'),(92,879,2,'2023-02-25'),(93,992,27,'2023-11-16'),(94,756,28,'2022-09-06'),(95,382,50,'2022-07-23'),(96,661,9,'2023-09-13'),(97,358,11,'2022-11-04'),(98,649,33,'2023-10-18'),(99,531,48,'2022-01-04'),(100,6,34,'2023-06-14'),(101,545,12,'2022-05-09'),(102,658,24,'2023-08-11'),(103,348,3,'2022-08-13'),(104,739,10,'2023-04-29'),(105,876,17,'2022-10-15'),(106,190,42,'2022-03-20'),(107,778,1,'2023-02-24'),(108,113,15,'2023-03-19'),(109,248,20,'2022-03-11'),(110,377,41,'2022-09-08'),(111,510,8,'2023-09-03'),(112,581,4,'2022-06-29'),(113,592,16,'2023-07-01'),(114,668,13,'2022-04-05'),(115,253,14,'2022-05-28'),(116,934,46,'2022-01-31'),(117,975,25,'2023-11-04'),(118,767,43,'2023-09-07'),(119,126,45,'2023-02-09'),(120,273,23,'2022-06-29'),(121,775,7,'2022-04-07'),(122,99,30,'2022-10-14'),(123,151,31,'2023-10-16'),(124,123,35,'2022-09-13'),(125,895,32,'2022-04-18'),(126,1039,38,'2023-08-05'),(127,317,47,'2022-07-26'),(128,13,21,'2023-01-29'),(129,225,39,'2022-10-07'),(130,404,26,'2023-03-01'),(131,621,5,'2023-04-24'),(132,868,44,'2022-04-13'),(133,107,37,'2023-02-19'),(134,505,19,'2022-06-27'),(135,568,49,'2023-06-11'),(136,689,18,'2023-09-01'),(137,271,40,'2023-04-28'),(138,259,22,'2022-12-31'),(139,286,6,'2023-03-17'),(140,127,29,'2022-11-09'),(141,941,36,'2023-04-24'),(142,521,2,'2022-06-08'),(143,565,27,'2023-07-11'),(144,548,28,'2022-03-04'),(145,747,50,'2022-07-04'),(146,1006,9,'2023-11-12'),(147,1069,11,'2022-11-08'),(148,359,33,'2022-12-06'),(149,645,48,'2022-07-24'),(150,735,34,'2022-03-03'),(151,693,12,'2022-03-30'),(152,384,24,'2023-08-27'),(153,585,3,'2023-02-07'),(154,647,10,'2023-03-24'),(155,779,17,'2023-07-27'),(156,863,42,'2023-11-02'),(157,309,1,'2022-05-17'),(158,599,15,'2022-09-12'),(159,737,20,'2022-09-05'),(160,323,41,'2022-09-09'),(161,854,8,'2022-03-05'),(162,987,4,'2022-01-09'),(163,682,16,'2022-02-15'),(164,881,13,'2022-10-03'),(165,442,14,'2023-03-24'),(166,748,46,'2023-04-06'),(167,473,25,'2023-01-25'),(168,56,43,'2022-09-27'),(169,802,45,'2022-07-14'),(170,1079,23,'2023-04-24'),(171,1024,7,'2023-03-14'),(172,814,30,'2023-08-11'),(173,1028,31,'2023-10-18'),(174,312,35,'2022-10-24'),(175,264,32,'2022-02-08'),(176,578,38,'2022-01-24'),(177,1031,47,'2023-07-26'),(178,720,21,'2022-12-27'),(179,782,39,'2022-07-09'),(180,507,26,'2022-06-01'),(181,280,5,'2022-06-26'),(182,51,44,'2023-05-13'),(183,506,37,'2023-07-03'),(184,206,19,'2022-02-27'),(185,457,49,'2023-04-13'),(186,302,18,'2023-02-22'),(187,149,40,'2022-02-04'),(188,923,22,'2022-07-27'),(189,381,6,'2022-08-22'),(190,204,29,'2022-01-29'),(191,104,36,'2023-08-20'),(192,794,2,'2023-05-28'),(193,916,27,'2022-06-19'),(194,357,28,'2022-05-30'),(195,57,50,'2023-04-16'),(196,265,9,'2022-07-29'),(197,931,11,'2022-09-08'),(198,776,33,'2022-04-21'),(199,179,48,'2022-06-12'),(200,880,34,'2023-01-01'),(201,503,12,'2022-02-26'),(202,84,24,'2022-02-17'),(203,394,3,'2023-04-26'),(204,898,10,'2023-03-25'),(205,742,17,'2023-08-28'),(206,643,42,'2023-04-28'),(207,424,1,'2023-10-14'),(208,254,15,'2022-02-15'),(209,1067,20,'2023-04-28'),(210,711,41,'2022-04-28'),(211,1097,8,'2022-05-11'),(212,174,4,'2022-01-22'),(213,954,16,'2023-03-13'),(214,906,13,'2022-02-15'),(215,956,14,'2022-01-28'),(216,1038,46,'2023-04-03'),(217,229,25,'2022-09-04'),(218,385,43,'2023-07-22'),(219,838,45,'2022-12-20'),(220,812,23,'2022-12-06'),(221,1017,7,'2022-02-16'),(222,222,30,'2022-06-03'),(223,896,31,'2023-07-25'),(224,905,35,'2023-01-07'),(225,1043,32,'2023-10-03'),(226,188,38,'2022-08-04'),(227,411,47,'2022-10-24'),(228,482,21,'2023-10-14'),(229,108,39,'2023-04-25'),(230,915,26,'2022-09-03'),(231,964,5,'2022-03-27'),(232,866,44,'2022-10-30'),(233,909,37,'2022-01-25'),(234,1037,19,'2022-03-02'),(235,320,49,'2022-05-23'),(236,514,18,'2023-06-21'),(237,114,40,'2023-04-04'),(238,631,22,'2023-09-03'),(239,27,6,'2022-01-01'),(240,819,29,'2023-06-10'),(241,630,36,'2022-07-31'),(242,156,2,'2023-03-11'),(243,14,27,'2022-09-07'),(244,741,28,'2023-07-28'),(245,973,50,'2023-06-21'),(246,523,9,'2023-07-02'),(247,709,11,'2022-08-01'),(248,950,33,'2022-02-10'),(249,677,48,'2023-06-21'),(250,700,34,'2023-02-23'),(251,910,12,'2022-12-24'),(252,255,24,'2023-04-12'),(253,103,3,'2023-06-12'),(254,15,10,'2022-01-09'),(255,305,17,'2023-03-04'),(256,1004,42,'2022-12-12'),(257,154,1,'2022-09-25'),(258,228,15,'2022-10-07'),(259,1014,20,'2022-04-11'),(260,634,41,'2022-10-20'),(261,455,8,'2022-06-18'),(262,1076,4,'2023-06-27'),(263,897,16,'2023-03-07'),(264,330,13,'2022-02-11'),(265,285,14,'2022-03-31'),(266,289,46,'2023-08-20'),(267,845,25,'2023-09-23'),(268,703,43,'2022-06-29'),(269,619,45,'2023-01-19'),(270,368,23,'2023-01-06'),(271,41,7,'2022-10-07'),(272,213,30,'2023-02-08'),(273,1078,31,'2023-11-14'),(274,955,35,'2022-02-11'),(275,932,32,'2022-12-10'),(276,493,38,'2022-01-07'),(277,546,47,'2023-07-04'),(278,161,21,'2023-10-03'),(279,416,39,'2023-08-21'),(280,321,26,'2022-02-18'),(281,885,5,'2023-06-29'),(282,363,44,'2023-11-18'),(283,676,37,'2022-06-19'),(284,755,19,'2022-01-17'),(285,966,49,'2023-09-03'),(286,555,18,'2023-05-27'),(287,871,40,'2023-08-12'),(288,274,22,'2023-09-15'),(289,369,6,'2023-03-08'),(290,87,29,'2023-05-29'),(291,597,36,'2022-08-19'),(292,94,2,'2023-02-15'),(293,318,27,'2022-04-13'),(294,499,28,'2022-10-11'),(295,269,50,'2023-05-12'),(296,522,9,'2023-09-27'),(297,380,11,'2023-10-08'),(298,789,33,'2023-11-10'),(299,722,48,'2023-09-29'),(300,714,34,'2023-01-09'),(301,758,12,'2022-11-30'),(302,70,24,'2023-03-01'),(303,445,3,'2022-08-21'),(304,745,10,'2023-02-21'),(305,829,17,'2022-01-25'),(306,790,42,'2022-02-14'),(307,465,1,'2023-08-31'),(308,452,15,'2022-06-10'),(309,17,20,'2023-10-11'),(310,430,41,'2022-10-29'),(311,655,8,'2022-11-07'),(312,10,4,'2023-04-23'),(313,573,16,'2023-10-17'),(314,873,13,'2022-03-22'),(315,49,14,'2023-06-21'),(316,349,46,'2023-08-03'),(317,11,25,'2022-11-14'),(318,444,43,'2022-10-28'),(319,147,45,'2023-10-25'),(320,1086,23,'2022-12-29'),(321,606,7,'2022-10-17'),(322,750,30,'2022-12-29'),(323,1030,31,'2022-07-12'),(324,3,35,'2022-10-18'),(325,279,32,'2022-04-12'),(326,195,38,'2023-05-03'),(327,636,47,'2023-05-06'),(328,121,21,'2022-02-24'),(329,738,39,'2023-04-25'),(330,907,26,'2023-02-14'),(331,769,5,'2022-02-27'),(332,815,44,'2023-03-29'),(333,436,37,'2022-12-07'),(334,669,19,'2022-02-19'),(335,192,49,'2023-01-17'),(336,486,18,'2023-05-19'),(337,353,40,'2022-06-11'),(338,210,22,'2023-09-11'),(339,912,6,'2022-02-01'),(340,660,29,'2023-01-17'),(341,562,36,'2022-05-26'),(342,168,2,'2023-04-20'),(343,283,27,'2022-04-23'),(344,615,28,'2022-01-29'),(345,319,50,'2023-09-15'),(346,427,9,'2023-05-25'),(347,333,11,'2022-09-27'),(348,199,33,'2022-09-14'),(349,60,48,'2023-09-14'),(350,164,34,'2022-01-15'),(351,52,12,'2023-02-01'),(352,518,24,'2023-08-29'),(353,827,3,'2023-11-03'),(354,1057,10,'2023-08-10'),(355,291,17,'2023-03-16'),(356,690,42,'2023-10-14'),(357,5,1,'2023-07-26'),(358,936,15,'2023-08-26'),(359,504,20,'2022-05-15'),(360,158,41,'2022-08-19'),(361,893,8,'2022-02-14'),(362,993,4,'2022-07-23'),(363,401,16,'2022-08-21'),(364,231,13,'2023-04-17'),(365,1051,14,'2022-09-04'),(366,422,46,'2023-11-09'),(367,303,25,'2022-01-02'),(368,853,43,'2023-06-28'),(369,680,45,'2023-03-22'),(370,701,23,'2022-05-21'),(371,708,7,'2022-02-17'),(372,771,30,'2022-11-17'),(373,1058,31,'2022-08-29'),(374,886,35,'2022-03-09'),(375,1082,32,'2023-06-24'),(376,288,38,'2022-04-25'),(377,511,47,'2022-04-01'),(378,185,21,'2022-05-21'),(379,467,39,'2022-09-08'),(380,858,26,'2022-04-05'),(381,508,5,'2023-01-28'),(382,559,44,'2023-05-12'),(383,397,37,'2022-03-29'),(384,485,19,'2022-12-01'),(385,72,49,'2022-06-25'),(386,1045,18,'2022-05-07'),(387,463,40,'2022-05-03'),(388,969,22,'2022-06-13'),(389,637,6,'2023-03-24'),(390,610,29,'2022-12-18'),(391,977,36,'2023-09-04'),(392,982,2,'2023-06-10'),(393,1027,27,'2022-09-23'),(394,449,28,'2023-03-21'),(395,242,50,'2023-03-19'),(396,520,9,'2022-12-04'),(397,332,11,'2022-06-01'),(398,491,33,'2023-10-22'),(399,638,48,'2022-11-04'),(400,902,34,'2022-11-29'),(401,822,12,'2023-11-14'),(402,611,24,'2022-02-12'),(403,844,3,'2023-02-28'),(404,632,10,'2023-06-21'),(405,957,17,'2023-09-21'),(406,723,42,'2023-09-20'),(407,796,1,'2022-08-18'),(408,930,15,'2022-02-14'),(409,68,20,'2023-03-09'),(410,340,41,'2023-03-18'),(411,948,8,'2023-02-07'),(412,820,4,'2022-09-13'),(413,823,16,'2022-06-28'),(414,1056,13,'2023-06-29'),(415,816,14,'2022-05-01'),(416,947,46,'2022-04-21'),(417,275,25,'2022-10-24'),(418,528,43,'2022-06-14'),(419,732,45,'2022-11-17'),(420,983,23,'2022-06-21'),(421,159,7,'2023-03-31'),(422,92,30,'2022-02-25'),(423,1094,31,'2023-11-19'),(424,547,35,'2022-03-02'),(425,342,32,'2022-02-24'),(426,642,38,'2022-09-04'),(427,695,47,'2022-08-24'),(428,1100,21,'2023-01-20'),(429,102,39,'2022-10-07'),(430,859,26,'2023-06-09'),(431,1055,5,'2022-09-19'),(432,245,44,'2022-04-25'),(433,1083,37,'2023-08-05'),(434,307,19,'2022-02-13'),(435,785,49,'2022-10-09'),(436,28,18,'2022-10-31'),(437,586,40,'2023-01-22'),(438,774,22,'2023-03-01'),(439,483,6,'2022-06-14'),(440,663,29,'2022-01-26'),(441,1047,36,'2022-03-14'),(442,1,2,'2022-02-18'),(443,435,27,'2023-03-28'),(444,933,28,'2022-05-23'),(445,726,50,'2023-04-01'),(446,82,9,'2022-03-07'),(447,577,11,'2023-04-03'),(448,890,33,'2023-10-25'),(449,298,48,'2022-03-19'),(450,704,34,'2023-09-11'),(451,183,12,'2022-08-29'),(452,990,24,'2022-01-16'),(453,842,3,'2022-09-08'),(454,128,10,'2023-05-15'),(455,375,17,'2023-02-27'),(456,212,42,'2022-07-30'),(457,415,1,'2023-05-27'),(458,354,15,'2022-08-22'),(459,43,20,'2022-07-15'),(460,328,41,'2023-01-18'),(461,440,8,'2022-02-04'),(462,12,4,'2023-04-14'),(463,337,16,'2023-11-10'),(464,512,13,'2023-07-20'),(465,509,14,'2022-02-15'),(466,1010,46,'2023-05-06'),(467,925,25,'2022-09-22'),(468,989,43,'2022-03-12'),(469,434,45,'2023-11-12'),(470,1021,23,'2023-02-09'),(471,428,7,'2023-02-14'),(472,390,30,'2023-11-24'),(473,211,31,'2022-08-06'),(474,1007,35,'2023-09-09'),(475,830,32,'2022-04-17'),(476,69,38,'2023-03-27'),(477,1011,47,'2022-08-17'),(478,580,21,'2023-04-18'),(479,250,39,'2023-04-07'),(480,278,26,'2022-04-08'),(481,146,5,'2023-10-23'),(482,295,44,'2022-09-08'),(483,552,37,'2022-01-24'),(484,1008,19,'2022-03-09'),(485,240,49,'2023-02-22'),(486,251,18,'2023-09-05'),(487,413,40,'2022-08-12'),(488,875,22,'2023-07-30'),(489,540,6,'2022-03-16'),(490,234,29,'2022-06-14'),(491,469,36,'2022-02-27'),(492,22,2,'2022-12-16'),(493,50,27,'2023-05-20'),(494,464,28,'2023-05-16'),(495,976,50,'2022-09-02'),(496,393,9,'2022-08-18'),(497,532,11,'2023-02-26'),(498,256,33,'2022-11-30'),(499,125,48,'2023-08-29'),(500,136,34,'2023-10-09'),(501,110,12,'2023-02-19'),(502,963,24,'2022-07-04'),(503,387,3,'2022-12-31'),(504,86,10,'2023-10-14'),(505,818,17,'2023-09-19'),(506,849,42,'2022-07-19'),(507,1002,1,'2022-03-05'),(508,526,15,'2023-09-16'),(509,1032,20,'2022-10-14'),(510,919,41,'2022-01-26'),(511,1050,8,'2023-02-18'),(512,904,4,'2022-05-23'),(513,1074,16,'2022-05-02'),(514,710,13,'2023-05-05'),(515,132,14,'2022-07-09'),(516,144,46,'2023-11-04'),(517,942,25,'2023-08-15'),(518,495,43,'2022-03-20'),(519,525,45,'2022-10-14'),(520,929,23,'2023-04-21'),(521,479,7,'2022-11-26'),(522,81,30,'2023-02-03'),(523,899,31,'2022-08-17'),(524,481,35,'2022-03-20'),(525,2,32,'2022-11-01'),(526,73,38,'2022-07-07'),(527,706,47,'2022-10-17'),(528,406,21,'2022-07-24'),(529,911,39,'2022-11-06'),(530,1081,26,'2023-06-15'),(531,946,5,'2023-03-21'),(532,1042,44,'2022-12-06'),(533,980,37,'2022-06-10'),(534,713,19,'2022-11-16'),(535,570,49,'2022-10-25'),(536,241,18,'2023-08-23'),(537,230,40,'2023-05-14'),(538,593,22,'2022-12-24'),(539,1089,6,'2022-02-14'),(540,21,29,'2023-10-22'),(541,1041,36,'2023-06-16'),(542,968,2,'2022-02-18'),(543,996,27,'2022-04-24'),(544,653,28,'2022-07-20'),(545,64,50,'2022-09-11'),(546,396,9,'2022-06-15'),(547,135,11,'2022-09-26'),(548,801,33,'2023-09-24'),(549,554,48,'2022-01-21'),(550,671,34,'2022-01-10'),(551,89,12,'2022-01-31'),(552,517,24,'2022-04-26'),(553,754,3,'2023-01-10'),(554,9,10,'2022-09-26'),(555,472,17,'2023-03-05'),(556,1077,42,'2023-03-12'),(557,883,1,'2022-07-19'),(558,166,15,'2022-02-24'),(559,366,20,'2022-09-25'),(560,994,41,'2023-05-25'),(561,856,8,'2022-09-12'),(562,178,4,'2023-08-08'),(563,160,16,'2022-07-19'),(564,608,13,'2023-08-06'),(565,791,14,'2022-03-04'),(566,290,46,'2023-11-12'),(567,31,25,'2022-11-09'),(568,172,43,'2022-08-17'),(569,707,45,'2022-10-13'),(570,1085,23,'2023-05-29'),(571,938,7,'2023-06-01'),(572,967,30,'2022-03-25'),(573,372,31,'2022-08-20'),(574,141,35,'2023-01-10'),(575,175,32,'2022-12-19'),(576,263,38,'2023-01-24'),(577,544,47,'2022-01-03'),(578,862,21,'2023-07-30'),(579,717,39,'2023-10-02'),(580,364,26,'2022-11-20'),(581,541,5,'2022-09-13'),(582,420,44,'2022-08-02'),(583,177,37,'2023-10-10'),(584,484,19,'2022-02-01'),(585,95,49,'2023-10-10'),(586,181,18,'2022-06-13'),(587,888,40,'2023-03-11'),(588,468,22,'2022-02-13'),(589,921,6,'2023-03-15'),(590,561,29,'2022-06-14'),(591,277,36,'2022-12-14'),(592,276,2,'2022-03-02'),(593,74,27,'2023-08-27'),(594,985,28,'2023-07-19'),(595,687,50,'2023-01-29'),(596,490,9,'2023-08-14'),(597,716,11,'2023-07-23'),(598,530,33,'2023-03-19'),(599,478,48,'2023-05-29'),(600,988,34,'2023-04-12'),(601,1096,12,'2022-05-24'),(602,356,24,'2023-05-04'),(603,338,3,'2022-09-12'),(604,718,10,'2023-01-31'),(605,524,17,'2022-03-09'),(606,960,42,'2022-08-15'),(607,867,1,'2022-01-30'),(608,833,15,'2022-12-19'),(609,937,20,'2023-07-08'),(610,498,41,'2023-04-04'),(611,516,8,'2023-02-16'),(612,648,4,'2022-06-06'),(613,533,16,'2022-08-04'),(614,252,13,'2023-02-20'),(615,44,14,'2023-05-10'),(616,918,46,'2023-02-18'),(617,962,25,'2023-10-28'),(618,414,43,'2023-06-18'),(619,221,45,'2023-06-17'),(620,502,23,'2023-04-08'),(621,843,7,'2022-12-28'),(622,257,30,'2022-06-04'),(623,355,31,'2022-08-28'),(624,1003,35,'2023-11-23'),(625,884,32,'2022-10-31'),(626,292,38,'2022-05-25'),(627,215,47,'2022-02-24'),(628,284,21,'2023-05-28'),(629,557,39,'2022-10-28'),(630,759,26,'2022-11-20'),(631,603,5,'2023-10-28'),(632,951,44,'2023-03-30'),(633,117,37,'2022-11-28'),(634,148,19,'2022-12-05'),(635,894,49,'2023-02-22'),(636,500,18,'2023-02-02'),(637,165,40,'2023-09-20'),(638,187,22,'2023-03-20'),(639,698,6,'2022-10-02'),(640,409,29,'2022-07-15'),(641,563,36,'2022-10-26'),(642,574,2,'2022-11-02'),(643,903,27,'2023-06-02'),(644,25,28,'2022-09-01'),(645,96,50,'2022-06-06'),(646,331,9,'2022-06-25'),(647,115,11,'2023-03-24'),(648,1005,33,'2023-03-14'),(649,1087,48,'2023-11-09'),(650,220,34,'2023-10-01'),(651,724,12,'2023-10-30'),(652,786,24,'2023-10-13'),(653,587,3,'2022-03-21'),(654,438,10,'2023-08-16'),(655,197,17,'2023-08-14'),(656,1080,42,'2023-01-13'),(657,246,1,'2023-01-06'),(658,770,15,'2023-08-03'),(659,560,20,'2022-12-15'),(660,370,41,'2022-05-12'),(661,616,8,'2022-01-19'),(662,336,4,'2022-08-19'),(663,433,16,'2023-07-21'),(664,180,13,'2022-02-27'),(665,297,14,'2022-02-17'),(666,389,46,'2023-10-18'),(667,186,25,'2023-11-17'),(668,551,43,'2023-08-09'),(669,618,45,'2022-03-19'),(670,1026,23,'2022-12-31'),(671,294,7,'2023-04-18'),(672,383,30,'2023-07-06'),(673,986,31,'2023-02-01'),(674,343,35,'2022-02-04'),(675,848,32,'2023-09-22'),(676,887,38,'2023-08-29'),(677,584,47,'2022-08-20'),(678,400,21,'2023-01-11'),(679,847,39,'2022-07-14'),(680,664,26,'2022-07-25'),(681,367,5,'2022-10-21'),(682,20,44,'2023-01-07'),(683,864,37,'2023-05-24'),(684,607,19,'2023-04-23'),(685,24,49,'2022-11-21'),(686,470,18,'2022-11-05'),(687,388,40,'2023-01-28'),(688,100,22,'2022-10-29'),(689,984,6,'2023-09-15'),(690,1019,29,'2023-10-28'),(691,39,36,'2022-02-28'),(692,308,2,'2023-09-28'),(693,476,27,'2022-11-27'),(694,811,28,'2022-01-04'),(695,47,50,'2023-04-29'),(696,350,9,'2022-03-22'),(697,189,11,'2022-08-20'),(698,821,33,'2023-01-11'),(699,480,48,'2023-11-23'),(700,787,34,'2022-12-25'),(701,922,12,'2022-04-29'),(702,978,24,'2022-08-01'),(703,63,3,'2022-09-18'),(704,612,10,'2023-09-02'),(705,501,17,'2022-12-04'),(706,1073,42,'2022-10-09'),(707,1022,1,'2023-04-21'),(708,965,15,'2022-09-08'),(709,373,20,'2023-06-13'),(710,1035,41,'2022-01-09'),(711,346,8,'2023-08-09'),(712,311,4,'2023-06-09'),(713,803,16,'2022-03-24'),(714,201,13,'2022-02-07'),(715,296,14,'2022-07-31'),(716,1088,46,'2023-11-15'),(717,961,25,'2022-06-11'),(718,423,43,'2023-06-14'),(719,869,45,'2022-04-26'),(720,753,23,'2022-09-20'),(721,446,7,'2023-01-22'),(722,809,30,'2023-03-13'),(723,167,31,'2022-05-12'),(724,496,35,'2022-08-19'),(725,538,32,'2023-08-01'),(726,40,38,'2023-01-27'),(727,306,47,'2022-05-12'),(728,194,21,'2022-07-20'),(729,487,39,'2022-11-08'),(730,223,26,'2022-03-16'),(731,556,5,'2023-06-28'),(732,299,44,'2022-09-26'),(733,1062,37,'2023-03-06'),(734,316,19,'2023-10-06'),(735,37,49,'2022-06-07'),(736,488,18,'2022-04-25'),(737,763,40,'2022-09-08'),(738,625,22,'2023-11-09'),(739,453,6,'2023-08-10'),(740,217,29,'2023-11-10'),(741,1065,36,'2023-01-27'),(742,519,2,'2023-08-28'),(743,1061,27,'2022-03-01'),(744,810,28,'2022-04-29'),(745,542,50,'2023-10-20'),(746,582,9,'2023-06-18'),(747,287,11,'2023-07-26'),(748,182,33,'2022-07-25'),(749,772,48,'2022-05-25'),(750,8,34,'2022-09-24'),(751,626,12,'2022-05-29'),(752,97,24,'2022-12-09'),(753,673,3,'2022-07-11'),(754,604,10,'2022-02-01'),(755,1063,17,'2022-01-02'),(756,659,42,'2022-01-26'),(757,550,1,'2022-04-27'),(758,651,15,'2023-10-05'),(759,728,20,'2023-02-21'),(760,19,41,'2022-01-05'),(761,999,8,'2022-04-25'),(762,34,4,'2023-09-04'),(763,111,16,'2023-05-11'),(764,662,13,'2023-02-06'),(765,667,14,'2023-05-28'),(766,451,46,'2022-05-19'),(767,270,25,'2023-04-02'),(768,995,43,'2023-02-22'),(769,806,45,'2023-11-20'),(770,781,23,'2023-05-24'),(771,59,7,'2022-05-09'),(772,639,30,'2023-11-11'),(773,109,31,'2022-05-17'),(774,697,35,'2023-08-23'),(775,997,32,'2022-07-18'),(776,558,38,'2022-10-14'),(777,443,47,'2022-08-21'),(778,301,21,'2022-10-01'),(779,237,39,'2022-03-07'),(780,417,26,'2023-02-16'),(781,622,5,'2022-01-09'),(782,949,44,'2022-01-08'),(783,692,37,'2022-12-14'),(784,322,19,'2022-10-31'),(785,959,49,'2022-10-04'),(786,193,18,'2022-01-28'),(787,426,40,'2022-05-05'),(788,939,22,'2023-08-28'),(789,407,6,'2022-11-06'),(790,831,29,'2023-05-30'),(791,527,36,'2022-04-17'),(792,553,2,'2022-03-29'),(793,171,27,'2023-08-11'),(794,492,28,'2023-05-10'),(795,543,50,'2023-05-01'),(796,412,9,'2022-02-21'),(797,371,11,'2023-08-15'),(798,140,33,'2022-02-14'),(799,850,48,'2023-06-26'),(800,572,34,'2022-03-24'),(801,1068,12,'2023-06-18'),(802,889,24,'2023-03-06'),(803,224,3,'2022-04-04'),(804,549,10,'2023-03-26'),(805,334,17,'2022-01-16'),(806,106,42,'2022-05-14'),(807,497,1,'2022-01-11'),(808,62,15,'2022-10-05'),(809,784,20,'2022-05-24'),(810,439,41,'2022-05-16'),(811,378,8,'2022-10-08'),(812,1040,4,'2023-09-27'),(813,841,16,'2022-06-27'),(814,799,13,'2023-07-07'),(815,600,14,'2022-10-26'),(816,209,46,'2022-05-29'),(817,239,25,'2023-09-26'),(818,1013,43,'2023-02-04'),(819,924,45,'2022-10-24'),(820,1066,23,'2023-06-05'),(821,458,7,'2022-01-01'),(822,729,30,'2023-05-02'),(823,244,31,'2022-02-13'),(824,325,35,'2023-06-21'),(825,419,32,'2023-10-29'),(826,1070,38,'2023-09-25'),(827,1054,47,'2022-03-08'),(828,913,21,'2022-12-18'),(829,471,39,'2022-08-02'),(830,26,26,'2022-07-21'),(831,327,5,'2023-02-23'),(832,598,44,'2023-08-29'),(833,232,37,'2022-10-13'),(834,88,19,'2022-09-12'),(835,203,49,'2022-08-04'),(836,804,18,'2023-10-11'),(837,238,40,'2023-10-18'),(838,360,22,'2022-12-26'),(839,494,6,'2023-09-01'),(840,846,29,'2022-12-27'),(841,805,36,'2023-03-19'),(842,679,2,'2023-11-09'),(843,1052,27,'2022-05-21'),(844,77,28,'2023-10-22'),(845,620,50,'2022-09-19'),(846,459,9,'2023-06-15'),(847,712,11,'2022-06-20'),(848,652,33,'2023-10-19'),(849,236,48,'2022-06-21'),(850,857,34,'2022-10-02'),(851,326,12,'2023-01-13'),(852,762,24,'2023-06-24'),(853,1033,3,'2022-08-30'),(854,226,10,'2023-02-11'),(855,721,17,'2023-06-21'),(856,705,42,'2022-03-12'),(857,42,1,'2023-04-09'),(858,1072,15,'2022-09-05'),(859,85,20,'2023-04-01'),(860,953,41,'2022-08-12'),(861,901,8,'2023-01-08'),(862,29,4,'2023-11-02'),(863,865,16,'2022-04-02'),(864,112,13,'2023-06-17'),(865,675,14,'2022-09-12'),(866,150,46,'2023-06-04'),(867,78,25,'2022-10-04'),(868,314,43,'2022-01-07'),(869,917,45,'2023-07-24'),(870,489,23,'2023-02-22'),(871,590,7,'2022-03-04'),(872,23,30,'2022-07-05'),(873,892,31,'2022-12-17'),(874,374,35,'2023-03-17'),(875,834,32,'2023-03-31'),(876,456,38,'2023-11-11'),(877,654,47,'2022-10-05'),(878,18,21,'2023-05-16'),(879,66,39,'2023-09-19'),(880,362,26,'2023-10-11'),(881,513,5,'2022-12-03'),(882,752,44,'2023-01-14'),(883,120,37,'2023-08-25'),(884,914,19,'2023-03-17'),(885,644,49,'2022-09-09'),(886,537,18,'2023-11-11'),(887,260,40,'2022-05-12'),(888,926,22,'2023-02-28'),(889,851,6,'2022-07-28'),(890,341,29,'2022-08-29'),(891,1034,36,'2023-06-08'),(892,1018,2,'2023-06-09'),(893,454,27,'2022-11-28'),(894,576,28,'2023-03-22'),(895,33,50,'2023-09-21'),(896,699,9,'2023-08-22'),(897,534,11,'2022-01-08'),(898,1000,33,'2023-07-05'),(899,61,48,'2022-06-21'),(900,991,34,'2022-09-20'),(901,828,12,'2023-06-14'),(902,825,24,'2022-02-22'),(903,777,3,'2023-06-07'),(904,633,10,'2023-04-17'),(905,258,17,'2023-10-18'),(906,247,42,'2022-01-14'),(907,119,1,'2022-12-08'),(908,1099,15,'2023-05-26'),(909,683,20,'2023-01-09'),(910,736,41,'2022-09-16'),(911,670,8,'2022-02-13'),(912,826,4,'2022-10-09'),(913,243,16,'2023-08-29'),(914,67,13,'2022-04-24'),(915,1025,14,'2023-04-12'),(916,137,46,'2022-05-10'),(917,198,25,'2022-10-30'),(918,80,43,'2022-04-18'),(919,335,45,'2022-07-21'),(920,795,23,'2023-02-06'),(921,1016,7,'2023-03-16'),(922,981,30,'2023-04-16'),(923,460,31,'2023-03-03'),(924,605,35,'2022-07-21'),(925,339,32,'2022-02-03'),(926,836,38,'2022-05-14'),(927,792,47,'2022-03-19'),(928,214,21,'2022-09-19'),(929,601,39,'2023-09-20'),(930,686,26,'2023-07-21'),(931,1023,5,'2023-06-01'),(932,170,44,'2022-08-19'),(933,477,37,'2022-07-11'),(934,852,19,'2023-02-08'),(935,235,49,'2023-09-05'),(936,744,18,'2023-09-29'),(937,694,40,'2023-02-18'),(938,130,22,'2023-01-19'),(939,391,6,'2023-03-18'),(940,614,29,'2023-08-25'),(941,421,36,'2022-04-03'),(942,569,2,'2023-11-21'),(943,1053,27,'2023-07-26'),(944,54,28,'2023-09-25'),(945,928,50,'2023-09-07'),(946,425,9,'2022-03-29'),(947,196,11,'2023-05-15'),(948,635,33,'2022-05-18'),(949,153,48,'2023-02-21'),(950,118,34,'2022-06-01'),(951,764,12,'2022-04-14'),(952,266,24,'2023-09-07'),(953,300,3,'2022-12-05'),(954,122,10,'2023-08-14'),(955,1009,17,'2023-04-18'),(956,466,42,'2022-08-13'),(957,304,1,'2023-05-14'),(958,282,15,'2023-05-25'),(959,891,20,'2023-11-23'),(960,365,41,'2022-07-19'),(961,155,8,'2023-03-08'),(962,347,4,'2022-05-17'),(963,715,16,'2023-11-02'),(964,945,13,'2023-10-12'),(965,539,14,'2022-03-06'),(966,129,46,'2022-04-27'),(967,878,25,'2023-10-24'),(968,1012,43,'2022-11-15'),(969,793,45,'2023-03-22'),(970,1075,23,'2022-06-22'),(971,76,7,'2022-07-26'),(972,974,30,'2022-07-14'),(973,281,31,'2023-02-13'),(974,1048,35,'2023-05-04'),(975,7,32,'2022-03-24'),(976,589,38,'2022-03-30'),(977,1049,47,'2023-03-16'),(978,441,21,'2022-04-23'),(979,1059,39,'2023-10-21'),(980,972,26,'2023-05-09'),(981,38,5,'2023-08-29'),(982,613,44,'2022-07-28'),(983,788,37,'2023-06-20'),(984,575,19,'2022-10-07'),(985,448,49,'2022-10-05'),(986,216,18,'2022-01-22'),(987,908,40,'2022-01-19'),(988,32,22,'2023-03-29'),(989,536,6,'2022-08-23'),(990,1060,29,'2023-09-15'),(991,824,36,'2023-07-02'),(992,202,2,'2022-04-07'),(993,623,27,'2022-06-29'),(994,208,28,'2023-05-12'),(995,145,50,'2023-08-29'),(996,840,9,'2023-07-13'),(997,418,11,'2022-11-28'),(998,765,33,'2023-07-17'),(999,629,48,'2022-03-20'),(1000,79,34,'2022-05-29'),(1001,272,12,'2022-05-08'),(1002,90,24,'2022-11-18'),(1003,1071,3,'2022-04-26'),(1004,345,10,'2022-09-04'),(1005,571,17,'2023-09-12'),(1006,55,42,'2022-10-03'),(1007,940,1,'2022-07-26'),(1008,91,15,'2023-02-07'),(1009,855,20,'2023-09-05'),(1010,882,41,'2022-04-06'),(1011,760,8,'2023-11-11'),(1012,807,4,'2022-11-14'),(1013,727,16,'2022-09-10'),(1014,233,13,'2022-03-13'),(1015,219,14,'2023-01-31'),(1016,971,46,'2022-12-24'),(1017,817,25,'2023-02-07'),(1018,134,43,'2023-04-24'),(1019,900,45,'2022-11-25'),(1020,398,23,'2023-05-05'),(1021,205,7,'2023-05-02'),(1022,65,30,'2023-09-18'),(1023,83,31,'2023-02-04'),(1024,351,35,'2023-05-03'),(1025,267,32,'2023-05-19'),(1026,1084,38,'2022-12-03'),(1027,261,47,'2023-09-21'),(1028,624,21,'2023-08-12'),(1029,650,39,'2022-10-28'),(1030,740,26,'2022-04-12'),(1031,800,5,'2022-03-04'),(1032,474,44,'2022-10-01'),(1033,877,37,'2023-06-04'),(1034,1020,19,'2023-10-03'),(1035,780,49,'2023-03-03'),(1036,461,18,'2023-07-31'),(1037,1015,40,'2023-09-20'),(1038,609,22,'2023-08-03'),(1039,594,6,'2023-11-04'),(1040,684,29,'2023-03-23'),(1041,656,36,'2023-03-10'),(1042,696,2,'2023-01-05'),(1043,16,27,'2022-10-28'),(1044,105,28,'2022-01-02'),(1045,315,50,'2023-11-04'),(1046,429,9,'2022-01-05'),(1047,293,11,'2023-02-26'),(1048,399,33,'2022-12-24'),(1049,835,48,'2023-07-05'),(1050,935,34,'2023-01-31'),(1051,1001,12,'2023-02-06'),(1052,672,24,'2023-01-06'),(1053,447,3,'2023-04-11'),(1054,1098,10,'2023-06-27'),(1055,268,17,'2023-03-31'),(1056,874,42,'2022-12-21'),(1057,405,1,'2022-05-17'),(1058,733,15,'2022-11-18'),(1059,475,20,'2023-09-26'),(1060,798,41,'2023-11-08'),(1061,432,8,'2022-12-27'),(1062,808,4,'2022-03-02'),(1063,596,16,'2022-04-18'),(1064,93,13,'2022-08-14'),(1065,262,14,'2023-10-03'),(1066,352,46,'2023-07-06'),(1067,688,25,'2023-06-09'),(1068,310,43,'2023-08-21'),(1069,313,45,'2022-01-12'),(1070,920,23,'2022-07-07'),(1071,249,7,'2022-11-25'),(1072,943,30,'2022-07-18'),(1073,218,31,'2022-04-11'),(1074,392,35,'2022-12-02'),(1075,1029,32,'2023-10-29'),(1076,163,38,'2022-11-17'),(1077,173,47,'2023-01-09'),(1078,1090,21,'2023-07-02'),(1079,529,39,'2023-08-10'),(1080,98,26,'2022-09-12'),(1081,402,5,'2023-01-01'),(1082,595,44,'2022-05-09'),(1083,1091,37,'2022-07-09'),(1084,152,19,'2022-01-21'),(1085,138,49,'2022-10-14'),(1086,579,18,'2023-07-03'),(1087,30,40,'2022-01-18'),(1088,437,22,'2023-07-09'),(1089,191,6,'2022-10-02'),(1090,731,29,'2023-01-22'),(1091,979,36,'2023-08-15'),(1092,566,2,'2023-04-25'),(1093,567,27,'2023-09-26'),(1094,450,28,'2022-07-05'),(1095,743,50,'2023-11-19'),(1096,176,9,'2022-11-25'),(1097,431,11,'2022-01-21'),(1098,46,33,'2022-12-30'),(1099,116,48,'2022-11-19'),(1100,376,34,'2023-03-11');
/*!40000 ALTER TABLE `Enrollments` ENABLE KEYS */;
UNLOCK TABLES;

--
-- Table structure for table `Forums`
--

DROP TABLE IF EXISTS `Forums`;
/*!40101 SET @saved_cs_client     = @@character_set_client */;
/*!50503 SET character_set_client = utf8mb4 */;
CREATE TABLE `Forums` (
  `forum_id` int NOT NULL,
  `course_id` int DEFAULT NULL,
  `topic` varchar(100) DEFAULT NULL,
  `post_date` datetime DEFAULT NULL,
  `author_id` int DEFAULT NULL,
  `content` text,
  PRIMARY KEY (`forum_id`),
  KEY `course_id` (`course_id`),
  KEY `author_id` (`author_id`),
  CONSTRAINT `Forums_ibfk_1` FOREIGN KEY (`course_id`) REFERENCES `Courses` (`course_id`),
  CONSTRAINT `Forums_ibfk_2` FOREIGN KEY (`author_id`) REFERENCES `Students` (`student_id`)
) ENGINE=InnoDB DEFAULT CHARSET=utf8mb4 COLLATE=utf8mb4_0900_ai_ci;
/*!40101 SET character_set_client = @saved_cs_client */;

--
-- Dumping data for table `Forums`
--

LOCK TABLES `Forums` WRITE;
/*!40000 ALTER TABLE `Forums` DISABLE KEYS */;
INSERT INTO `Forums` VALUES (1,17,'Bad my.','2023-11-24 00:00:00',545,'Very director particularly paper garden east rather. Anyone responsibility tax professional. Side brother question military national finally fine. Enter during measure approach cultural sit.'),(2,22,'Point hospital.','2023-11-11 00:00:00',361,'He ask perform start none quality. Least task adult throughout nice their nothing.'),(3,37,'Beat degree.','2023-11-20 00:00:00',139,'Particularly force class often form wear. Site science actually fly final.'),(4,20,'Begin.','2023-11-25 00:00:00',92,'State fine yet might plant share. Any necessary woman order. Chair camera movement skill will page agreement.'),(5,30,'However leader.','2023-11-07 00:00:00',593,'Spend common notice development. Through do different six spring leave move. Pretty mouth season us entire day institution anything.'),(6,43,'Recognize future son.','2023-11-18 00:00:00',80,'Area dream believe true despite since sense. Live crime central. Husband office keep during new.'),(7,21,'Employee deal.','2023-11-19 00:00:00',830,'School head capital provide throughout growth today. But material different study.'),(8,12,'Power.','2023-11-10 00:00:00',309,'Among small care production may should today. Old environmental yourself home whatever.'),(9,2,'Argue campaign discussion.','2023-11-13 00:00:00',431,'Huge measure movie town federal image girl.'),(10,50,'Begin pressure than its.','2023-11-24 00:00:00',877,'Energy when event artist enough. Major hospital report rather.'),(11,6,'Manager.','2023-11-10 00:00:00',466,'Every industry between because. Policy spend bank society choice artist ago field.'),(12,5,'But east education.','2023-11-26 00:00:00',132,'Happen friend rather onto bit.'),(13,48,'Effect laugh evidence.','2023-11-16 00:00:00',181,'Director do fast technology attack. Property maybe church.'),(14,23,'Administration discussion past.','2023-11-19 00:00:00',454,'Water fight technology month trade strong peace. Agreement talk plan reflect husband she population.'),(15,33,'Cause.','2023-11-13 00:00:00',607,'Return eye send although movement property. Enjoy manager walk without begin wall generation.'),(16,9,'Onto threat finish science.','2023-10-31 00:00:00',972,'Thus miss write none. Wish mean walk industry whose amount nation.'),(17,8,'Finish relationship sport.','2023-11-02 00:00:00',1093,'Skin receive kitchen say right. Believe miss find attention behavior husband. Official resource body should star nature reduce.'),(18,25,'Republican.','2023-11-11 00:00:00',282,'International if can clearly around administration. Wrong clearly sit program way big. Board southern century address company Democrat production. Role center they push.'),(19,27,'Walk side already sort.','2023-11-22 00:00:00',942,'Upon area education situation more drive remember. Structure out appear east doctor own. None candidate rule top room management.'),(20,1,'Party skin.','2023-11-05 00:00:00',832,'Decide what people industry win begin way. Compare nearly smile open they. Middle involve approach different tell future seat newspaper.'),(21,40,'Pay control expert idea.','2023-11-18 00:00:00',102,'Much red air a character strategy expect and. Either step evening keep training forward.'),(22,39,'Factor that ground.','2023-10-30 00:00:00',504,'Shoulder first wind team media word.'),(23,4,'Fill doctor.','2023-11-23 00:00:00',999,'Sport believe fast citizen. Should administration article simply hold that left side.'),(24,10,'Wear success.','2023-11-09 00:00:00',494,'Board though tax message fear give space measure. Grow guess develop interesting. Pretty phone pattern after always people serious produce.'),(25,34,'With wish.','2023-11-09 00:00:00',592,'More name woman according. Everybody key just common remain community sort.'),(26,31,'My on best school.','2023-11-25 00:00:00',372,'Fund away attorney six.'),(27,32,'Pm produce answer.','2023-11-09 00:00:00',671,'Realize law group full both sit agreement. Wife trade main long other professor. Recognize service purpose page collection meet people.'),(28,41,'Fear enough finish.','2023-11-20 00:00:00',187,'Girl tax no employee market. Enough tend another wait state.'),(29,11,'Ever plant.','2023-11-16 00:00:00',208,'Growth common available simply happy cold. Official wife along local. Card no movement firm.'),(30,16,'Lawyer decision difference.','2023-11-08 00:00:00',126,'Seven war wonder west main hot decide such. Listen serve alone very market fine.'),(31,35,'Think example someone.','2023-11-27 00:00:00',402,'Education model improve form might. Idea scene current less. Issue let money style structure system.'),(32,28,'Never suggest experience.','2023-11-01 00:00:00',23,'Significant condition significant business. Sit majority finally consider trip keep study major. Would common space step practice whether effort be.'),(33,45,'Man law decide.','2023-11-02 00:00:00',2,'Eye himself top life will process. Around later difference. Note dark particularly boy yes employee child officer.'),(34,29,'School firm point.','2023-11-22 00:00:00',351,'Simply factor education view effort summer soldier. Until never accept performance compare. Story behind fall write wear task throw worry.'),(35,49,'Far avoid color child.','2023-11-22 00:00:00',980,'Sort season necessary cold allow medical. Sound traditional campaign report bank improve.'),(36,24,'Computer right service read.','2023-11-08 00:00:00',970,'Budget instead near letter. Brother cost reason speech fly part every.'),(37,42,'Right camera customer.','2023-11-15 00:00:00',524,'Rate expert pass create production data usually. Require record trouble song.'),(38,19,'Apply none.','2023-10-31 00:00:00',74,'Too yes land senior seat. Without specific evidence whose away thank staff.'),(39,7,'Perhaps real child.','2023-11-19 00:00:00',86,'Exist pick page everybody. Staff relationship set meeting policy attention. Natural mention different not some sort international. Recent finish idea medical pick data such.'),(40,47,'Watch throw activity.','2023-11-21 00:00:00',529,'Decide list break training drive seek area store. Poor deep firm care sit.'),(41,18,'Source southern.','2023-11-07 00:00:00',554,'Possible floor store keep edge need situation. Fine voice coach. New gun notice material.'),(42,26,'Maintain yourself traditional tax.','2023-11-13 00:00:00',679,'And daughter career. Institution myself guess stop strategy. Treat best trouble have knowledge.'),(43,14,'Consumer threat.','2023-11-01 00:00:00',603,'Important group right level. Continue last free sit maintain buy.'),(44,44,'Third author.','2023-11-24 00:00:00',322,'Current deal ask factor sister nor. Energy vote situation should. Matter whether indeed group.'),(45,46,'Benefit office clearly.','2023-11-26 00:00:00',1032,'Firm others base wide parent account girl develop. Close cell sometimes allow camera this go. Option red no down camera.'),(46,38,'Whether huge consumer candidate.','2023-11-11 00:00:00',73,'Character author more.'),(47,3,'Feel or left.','2023-11-04 00:00:00',956,'Color phone color in source. Huge work be reality region. Together free trouble.'),(48,36,'City performance writer.','2023-11-26 00:00:00',632,'Indeed morning also whose wish institution recognize. Station difficult Mr film bank it. Community group sing similar thousand.'),(49,15,'Push buy.','2023-11-19 00:00:00',97,'Enough officer authority source how. Tonight order nearly range billion heart side. List include its head away.'),(50,13,'Glass major mother.','2023-11-01 00:00:00',399,'Receive eight seat cultural spend. Heart information pick reduce trial. Blood off discussion professor.'),(51,17,'Adult special medical.','2023-10-30 00:00:00',1037,'Major bed can lot south my cultural. Court question adult like believe every guess.'),(52,22,'Specific water.','2023-11-23 00:00:00',375,'Care right surface street look source democratic. Feeling allow major second yet who compare.'),(53,37,'Almost nothing.','2023-11-13 00:00:00',1058,'Beat never energy tonight. Number edge under pressure.'),(54,20,'Expect begin window.','2023-11-23 00:00:00',231,'Much boy method their job rule seat. One movie carry administration impact more subject. Throw itself cell ask.'),(55,30,'Bring kind.','2023-10-30 00:00:00',591,'Special always goal. Office blood certainly rather. Style sense guy difference.'),(56,43,'Top writer.','2023-11-27 00:00:00',597,'Claim war five use others research wide. Bag nice next paper body material. Control science performance article stand consumer report.'),(57,21,'Employee learn left.','2023-10-30 00:00:00',101,'Accept explain political recognize store. Because myself war with.'),(58,12,'Six buy computer.','2023-11-28 00:00:00',914,'Cold few have even past church offer.'),(59,2,'Free full.','2023-11-16 00:00:00',89,'Explain project administration study bill. Turn last factor report language turn explain.'),(60,50,'Travel statement.','2023-11-20 00:00:00',243,'Detail alone movie past now anyone. Trouble bed address play sound.'),(61,6,'Up speech.','2023-11-14 00:00:00',174,'Why season or voice leave campaign. Evidence beat two career sea.'),(62,5,'Large also other.','2023-11-15 00:00:00',646,'Population hundred price rather. How health institution although lay tonight field. Especially across medical share save work. Ever matter although whatever it.'),(63,48,'Health without.','2023-11-15 00:00:00',558,'But strong look appear.'),(64,23,'Cold skill discover.','2023-11-05 00:00:00',907,'Hear space wonder might follow yeah agent. Know cultural few old peace knowledge out. Image set impact score manage institution.'),(65,33,'Him.','2023-11-06 00:00:00',523,'Provide trade second moment. Situation entire western.'),(66,9,'Middle ok born.','2023-11-11 00:00:00',235,'Lawyer radio member house. Rate floor begin young into laugh. Leader politics food good make give.'),(67,8,'Risk certainly.','2023-10-30 00:00:00',229,'Someone media myself require woman adult. Meet more seek language thus purpose. Relationship apply item take top particularly.'),(68,25,'Child pressure much.','2023-11-26 00:00:00',414,'Task discussion large have relate.'),(69,27,'Dinner fill.','2023-11-10 00:00:00',129,'Operation near control glass particularly new space.'),(70,1,'Person recent.','2023-11-02 00:00:00',694,'Rise decade finally else. Executive large middle both.'),(71,40,'Southern group education.','2023-11-03 00:00:00',38,'Benefit simple street nearly however idea. Ball many whatever morning.'),(72,39,'He Republican.','2023-11-15 00:00:00',250,'Direction both instead able few walk peace million. Page raise impact prove technology account.'),(73,4,'Many.','2023-11-04 00:00:00',233,'Decision industry debate person. Meet part low peace common common speech.'),(74,10,'Clear detail be.','2023-11-23 00:00:00',948,'Page professor southern energy buy second. Until lead eight card professional hospital cut. Bar the family draw stand standard.'),(75,34,'Board do.','2023-11-14 00:00:00',109,'State six think conference life term. At fish term economy lot. Red third including state such hold and.'),(76,31,'Authority far mission.','2023-11-15 00:00:00',449,'Although prove east I situation past.'),(77,32,'Reason focus.','2023-11-13 00:00:00',984,'Mother voice marriage lot baby pattern what. Fast check marriage than. Star home voice born itself seek whole. Assume drop contain same last.'),(78,41,'Likely.','2023-11-14 00:00:00',156,'Economic establish want impact four three. Hit ever phone.'),(79,11,'Million radio early.','2023-11-20 00:00:00',540,'Attack green reason property boy sure it. House according not. Human success bit answer.'),(80,16,'Number audience stock.','2023-11-27 00:00:00',783,'Move green fire girl woman. House they area win college.');
/*!40000 ALTER TABLE `Forums` ENABLE KEYS */;
UNLOCK TABLES;

--
-- Table structure for table `Instructors`
--

DROP TABLE IF EXISTS `Instructors`;
/*!40101 SET @saved_cs_client     = @@character_set_client */;
/*!50503 SET character_set_client = utf8mb4 */;
CREATE TABLE `Instructors` (
  `instructor_id` int NOT NULL,
  `instructor_name` varchar(100) DEFAULT NULL,
  `expertise_area` varchar(100) DEFAULT NULL,
  PRIMARY KEY (`instructor_id`)
) ENGINE=InnoDB DEFAULT CHARSET=utf8mb4 COLLATE=utf8mb4_0900_ai_ci;
/*!40101 SET character_set_client = @saved_cs_client */;

--
-- Dumping data for table `Instructors`
--

LOCK TABLES `Instructors` WRITE;
/*!40000 ALTER TABLE `Instructors` DISABLE KEYS */;
INSERT INTO `Instructors` VALUES (1,'Daniel Brown','Sports coach'),(2,'Cody Smith','Chartered public finance accountant'),(3,'Jeffrey Brown','Chemical engineer'),(4,'Jason Jackson','Warehouse manager'),(5,'Kelly Thompson','Technical sales engineer'),(6,'Monique Meyer','Estate manager/land agent'),(7,'Emily Wright','Public house manager'),(8,'Robert Williams MD','Lexicographer'),(9,'Andrea Hanna','Paediatric nurse'),(10,'Kayla Moyer','Garment/textile technologist'),(11,'Cynthia Stevens','Physiological scientist'),(12,'Jennifer Cox','Geoscientist'),(13,'Kyle Brown','Editor, commissioning'),(14,'Rachel Griffith','Education officer, community'),(15,'Andrea Foster','Advertising art director'),(16,'Amber Jackson','Solicitor, Scotland'),(17,'Kenneth Johnson','Retail manager'),(18,'Brian Ramirez','Librarian, academic'),(19,'Carl Wu','Dancer'),(20,'Heather Brown','Freight forwarder'),(21,'Heidi Gibbs','Scientist, physiological'),(22,'Jennifer Rojas','Theme park manager'),(23,'Kathryn Reyes','Outdoor activities/education manager'),(24,'Lauren Ross','Public relations officer'),(25,'Peter Travis','Ship broker'),(26,'Melissa Williams','Public affairs consultant'),(27,'Anna Clark','Physiotherapist'),(28,'Ryan Cole','Clinical scientist, histocompatibility and immunogenetics'),(29,'Kelsey Turner','Television production assistant'),(30,'Ashley Clark','Civil engineer, contracting'),(31,'Alexandra Alvarado','Electronics engineer'),(32,'Mrs. Sarah Gonzales','Public relations officer'),(33,'Jonathan Mcpherson','Consulting civil engineer'),(34,'Amanda Dunn','Medical technical officer'),(35,'Mr. Ryan Smith II','Geophysical data processor'),(36,'Kevin Werner','Clothing/textile technologist'),(37,'James Gordon','Pharmacist, hospital'),(38,'Megan Larson','Midwife'),(39,'Michelle Hamilton','Maintenance engineer'),(40,'Melvin Crawford','Science writer');
/*!40000 ALTER TABLE `Instructors` ENABLE KEYS */;
UNLOCK TABLES;

--
-- Table structure for table `Students`
--

DROP TABLE IF EXISTS `Students`;
/*!40101 SET @saved_cs_client     = @@character_set_client */;
/*!50503 SET character_set_client = utf8mb4 */;
CREATE TABLE `Students` (
  `student_id` int NOT NULL,
  `student_name` varchar(100) DEFAULT NULL,
  `email` varchar(100) DEFAULT NULL,
  `enrollment_date` date DEFAULT NULL,
  `last_activity_time` timestamp NULL DEFAULT CURRENT_TIMESTAMP ON UPDATE CURRENT_TIMESTAMP,
  PRIMARY KEY (`student_id`),
  UNIQUE KEY `email` (`email`)
) ENGINE=InnoDB DEFAULT CHARSET=utf8mb4 COLLATE=utf8mb4_0900_ai_ci;
/*!40101 SET character_set_client = @saved_cs_client */;

--
-- Dumping data for table `Students`
--

LOCK TABLES `Students` WRITE;
/*!40000 ALTER TABLE `Students` DISABLE KEYS */;
INSERT INTO `Students` VALUES (1,'Jeffrey Harris','hilltimothy@example.com','2023-05-18','2023-11-29 22:15:00'),(2,'Steven Randolph','williammack@example.com','2023-04-21','2023-11-29 22:15:57'),(3,'Julie Nelson','elizabethdean@example.org','2022-05-26','2023-11-29 21:59:11'),(4,'Patricia Montes','rlam@example.com','2023-08-12','2023-11-29 21:59:11'),(5,'Julie Jenkins','stephanie95@example.net','2023-05-02','2023-11-29 21:59:11'),(6,'Adam Estrada','zpatrick@example.com','2022-06-21','2023-11-29 21:59:11'),(7,'Miss Anna Garcia','stonematthew@example.com','2023-04-19','2023-11-29 21:59:11'),(8,'Joanne Thomas','cynthiaruiz@example.org','2022-05-06','2023-11-29 21:59:11'),(9,'Christopher Shelton','osmith@example.net','2022-05-19','2023-11-29 21:59:11'),(10,'Tasha Perry','ismith@example.org','2022-11-20','2023-11-29 21:59:11'),(11,'Erica Hahn','seth25@example.com','2022-10-25','2023-11-29 21:59:11'),(12,'Eduardo Austin IV','swashington@example.org','2023-01-01','2023-11-29 21:59:11'),(13,'Guy White','gbarnett@example.com','2023-08-20','2023-11-29 21:59:11'),(14,'William Hamilton','april92@example.net','2022-08-27','2023-11-29 21:59:11'),(15,'Patricia Hunter DVM','tayloramy@example.com','2022-04-14','2023-11-29 21:59:11'),(16,'Jose Mcclain','mckinneychristopher@example.net','2023-05-13','2023-11-29 21:59:11'),(17,'Daniel Aguilar','joshua07@example.org','2022-06-15','2023-11-29 21:59:11'),(18,'William Johnson','deannamyers@example.org','2023-03-31','2023-11-29 21:59:11'),(19,'Benjamin Wade','wreid@example.com','2023-04-11','2023-11-29 21:59:11'),(20,'Anthony Stevenson','staceymills@example.org','2023-02-21','2023-11-29 21:59:11'),(21,'Ryan Harris','barnettashley@example.org','2023-09-21','2023-11-29 21:59:11'),(22,'Trevor Wilkerson','erikrobles@example.com','2022-06-05','2023-11-29 21:59:11'),(23,'Brandi Simmons','kmartin@example.org','2022-09-30','2023-11-29 21:59:11'),(24,'Ann Walters','butlerjerry@example.net','2023-06-05','2023-11-29 21:59:11'),(25,'Caroline Gomez','scottbrandon@example.com','2023-09-16','2023-11-29 21:59:11'),(26,'Nicole Snyder','edeleon@example.org','2022-02-20','2023-11-29 21:59:11'),(27,'Jimmy Johnson','simmonsbenjamin@example.com','2023-04-28','2023-11-29 21:59:11'),(28,'Ernest Barnett','joanne22@example.com','2023-07-23','2023-11-29 21:59:11'),(29,'Thomas Murphy','tjackson@example.com','2022-12-18','2023-11-29 21:59:11'),(30,'Gina Alvarez','andrew04@example.org','2023-01-25','2023-11-29 21:59:11'),(31,'Andrea Chapman','navarrobrian@example.org','2023-05-02','2023-11-29 21:59:11'),(32,'Pamela Myers','dawnbyrd@example.com','2022-02-22','2023-11-29 21:59:11'),(33,'Donald Brown','ejohnson@example.net','2022-07-01','2023-11-29 21:59:11'),(34,'Suzanne Riley','monicamoody@example.org','2022-01-11','2023-11-29 21:59:11'),(35,'Noah Brown','mikestewart@example.org','2022-09-14','2023-11-29 21:59:11'),(36,'Mr. Dalton Kirk','jeremy41@example.com','2023-07-28','2023-11-29 21:59:11'),(37,'Michael Jones','marcus33@example.net','2022-07-13','2023-11-29 21:59:11'),(38,'Ivan Brown','harrisjason@example.com','2023-05-07','2023-11-29 21:59:11'),(39,'Glenn Lindsey','robert44@example.org','2022-03-08','2023-11-29 21:59:11'),(40,'Kenneth Ho','ehayes@example.com','2023-01-12','2023-11-29 21:59:11'),(41,'James Moore','marissacollins@example.com','2023-03-15','2023-11-29 21:59:11'),(42,'Anthony Warren','janice64@example.net','2022-11-23','2023-11-29 21:59:11'),(43,'George Jackson','jason98@example.com','2022-03-12','2023-11-29 21:59:11'),(44,'Scott Mcintyre','jamie20@example.org','2022-11-03','2023-11-29 21:59:11'),(45,'Andre Ruiz III','lisa69@example.net','2022-03-30','2023-11-29 21:59:11'),(46,'Michael Reynolds','baileykelly@example.net','2022-01-02','2023-11-29 21:59:11'),(47,'Ms. Angela Hammond','perezmark@example.org','2022-11-29','2023-11-29 21:59:11'),(48,'James Daugherty','johnsonheather@example.com','2022-07-05','2023-11-29 21:59:11'),(49,'Timothy Hudson','samuel39@example.com','2022-11-02','2023-11-29 21:59:11'),(50,'Angela Anthony','brittany71@example.org','2022-08-03','2023-11-29 21:59:11'),(51,'Nicole Newman','chelsea01@example.com','2022-11-13','2023-11-29 21:59:11'),(52,'Mark Mathis','erica06@example.com','2023-10-02','2023-11-29 21:59:11'),(53,'Chelsea Bradley','blankenshipkristi@example.net','2023-05-31','2023-11-29 21:59:11'),(54,'Danny Hubbard','carolwest@example.net','2022-10-09','2023-11-29 21:59:11'),(55,'Ricky Morgan','arnoldannette@example.net','2023-02-28','2023-11-29 21:59:11'),(56,'Daniel Garza','ihernandez@example.net','2023-02-15','2023-11-29 21:59:11'),(57,'Mary Rhodes','karenburch@example.net','2023-11-26','2023-11-29 21:59:11'),(58,'Charles Hill','katherinecole@example.com','2023-11-14','2023-11-29 21:59:11'),(59,'Brandi Stewart MD','uwilliams@example.org','2022-05-13','2023-11-29 21:59:11'),(60,'Wendy Haley','bryan72@example.net','2023-01-23','2023-11-29 21:59:11'),(61,'Joseph Wilcox','karenmartinez@example.net','2023-04-11','2023-11-29 21:59:11'),(62,'Justin Smith','michelleochoa@example.com','2022-05-29','2023-11-29 21:59:11'),(63,'Patrick Anderson','arthurnorman@example.org','2022-03-24','2023-11-29 21:59:11'),(64,'Tina Wilson','thomasthompson@example.net','2023-11-10','2023-11-29 21:59:11'),(65,'Robert Golden','mistyrichards@example.org','2022-03-08','2023-11-29 21:59:11'),(66,'Brittany Fuller','robert84@example.net','2023-10-13','2023-11-29 21:59:11'),(67,'Kimberly Lewis','ugrimes@example.net','2022-10-10','2023-11-29 21:59:11'),(68,'Christopher Gonzalez','denise14@example.com','2022-07-01','2023-11-29 21:59:11'),(69,'Helen Frederick','wmora@example.org','2022-02-11','2023-11-29 21:59:11'),(70,'Hannah Fields','nortonlaura@example.net','2022-04-16','2023-11-29 21:59:11'),(71,'Desiree Moore','emily60@example.net','2023-07-30','2023-11-29 21:59:11'),(72,'Johnathan Stevenson','andersonalexander@example.com','2023-03-10','2023-11-29 21:59:11'),(73,'Jeffrey Castaneda','jonesjohn@example.net','2022-02-04','2023-11-29 21:59:11'),(74,'Aaron Evans','shaneperez@example.com','2023-07-26','2023-11-29 21:59:11'),(75,'Richard Castro','monique42@example.com','2023-08-01','2023-11-29 21:59:11'),(76,'David Brown','bryanthomas@example.org','2022-09-21','2023-11-29 21:59:11'),(77,'John Hatfield','dustin67@example.net','2022-08-31','2023-11-29 21:59:11'),(78,'Amber Evans','abryant@example.org','2022-04-15','2023-11-29 21:59:11'),(79,'Aimee Craig','jjackson@example.net','2022-04-20','2023-11-29 21:59:11'),(80,'Stephen Jefferson','uperez@example.com','2022-02-20','2023-11-29 21:59:11'),(81,'Heidi White','nuneznancy@example.org','2023-03-23','2023-11-29 21:59:11'),(82,'Adam Richardson','reillythomas@example.net','2023-11-09','2023-11-29 21:59:11'),(83,'Tonya Hughes','ajones@example.org','2022-09-23','2023-11-29 21:59:11'),(84,'Jamie Munoz','hensleymonica@example.org','2022-08-15','2023-11-29 21:59:11'),(85,'Martin French','tiffanycollins@example.net','2022-08-08','2023-11-29 21:59:11'),(86,'Lynn King','paulmartin@example.org','2022-04-22','2023-11-29 21:59:11'),(87,'Kim Anderson','jwells@example.net','2023-09-08','2023-11-29 21:59:11'),(88,'Bryce Gonzales','smithbrenda@example.org','2023-01-27','2023-11-29 21:59:11'),(89,'Isaac Davis','nlang@example.com','2023-06-15','2023-11-29 21:59:11'),(90,'Kristen Jimenez','bartlettdaniel@example.net','2023-05-14','2023-11-29 21:59:11'),(91,'Edward Williams','jenniferfrank@example.com','2022-07-02','2023-11-29 21:59:11'),(92,'Samantha Gill','robinrodriguez@example.net','2022-02-15','2023-11-29 21:59:11'),(93,'Melanie Kane','sullivankeith@example.com','2022-11-27','2023-11-29 21:59:11'),(94,'Amber Crawford','keithsolis@example.net','2022-08-02','2023-11-29 21:59:11'),(95,'Lauren Tate','edwardsandrew@example.org','2023-08-25','2023-11-29 21:59:11'),(96,'Amanda Cobb','andrewsemily@example.net','2023-09-15','2023-11-29 21:59:11'),(97,'John Johnson','schmidtjoseph@example.com','2023-09-09','2023-11-29 21:59:11'),(98,'Kathryn Barrett','patricktiffany@example.com','2023-04-10','2023-11-29 21:59:11'),(99,'Rebecca Smith','michael66@example.net','2023-02-13','2023-11-29 21:59:11'),(100,'Laura Butler','zmorgan@example.org','2023-02-10','2023-11-29 21:59:11'),(101,'Thomas Sanders','bharris@example.net','2023-08-26','2023-11-29 21:59:11'),(102,'Donna Grant','manuelaguilar@example.org','2023-08-21','2023-11-29 21:59:11'),(103,'Mary Hunter','davidmark@example.org','2023-06-15','2023-11-29 21:59:11'),(104,'Tiffany Williams','nicholas60@example.org','2023-07-28','2023-11-29 21:59:11'),(105,'Krystal Thomas','leslie81@example.org','2022-05-04','2023-11-29 21:59:11'),(106,'Patricia Brown MD','perrymichael@example.net','2023-10-15','2023-11-29 21:59:11'),(107,'Timothy Ross','qmyers@example.org','2023-06-20','2023-11-29 21:59:11'),(108,'Aaron Robbins','rodney44@example.net','2023-01-23','2023-11-29 21:59:11'),(109,'Richard Smith','brianmorales@example.com','2023-02-15','2023-11-29 21:59:11'),(110,'Kimberly Harding','santiagopatrick@example.net','2023-10-29','2023-11-29 21:59:11'),(111,'Ricky Richardson','kevin47@example.net','2022-10-30','2023-11-29 21:59:11'),(112,'Tony Lucero','bcarter@example.com','2023-09-17','2023-11-29 21:59:11'),(113,'Gina Nguyen','ihubbard@example.net','2022-05-02','2023-11-29 21:59:11'),(114,'Brandi Arias','oburke@example.org','2023-01-27','2023-11-29 21:59:11'),(115,'Joel Conrad','robert54@example.org','2022-11-08','2023-11-29 21:59:11'),(116,'Nathan Gutierrez','jessica99@example.org','2023-08-29','2023-11-29 21:59:11'),(117,'Cynthia Martinez','brandondiaz@example.com','2023-11-05','2023-11-29 21:59:11'),(118,'Leslie Salazar','savery@example.org','2022-03-21','2023-11-29 21:59:11'),(119,'Timothy Berry','teresahenderson@example.com','2023-09-28','2023-11-29 21:59:11'),(120,'Jacqueline Evans','ujackson@example.com','2023-11-10','2023-11-29 21:59:11'),(121,'Megan Mcguire','joseyoung@example.com','2022-02-23','2023-11-29 21:59:11'),(122,'Daniel Richardson','tgibbs@example.net','2023-06-15','2023-11-29 21:59:11'),(123,'David Bryant','xburnett@example.org','2022-12-20','2023-11-29 21:59:11'),(124,'Jessica Gibson','kevin65@example.org','2022-12-01','2023-11-29 21:59:11'),(125,'Monica Jackson','gordondavid@example.com','2023-04-15','2023-11-29 21:59:11'),(126,'Timothy Morales','johnsonheather@example.net','2022-04-18','2023-11-29 21:59:11'),(127,'Elizabeth Thomas','andersonjacob@example.com','2023-04-21','2023-11-29 21:59:11'),(128,'Tara Wagner','osexton@example.net','2022-10-30','2023-11-29 21:59:11'),(129,'Brandon Greene','breynolds@example.org','2022-12-14','2023-11-29 21:59:11'),(130,'Shawn Terrell','gsherman@example.net','2022-01-02','2023-11-29 21:59:11'),(131,'Savannah Jimenez','kimberlycochran@example.com','2023-10-07','2023-11-29 21:59:11'),(132,'Tamara Martinez','meganle@example.org','2022-02-09','2023-11-29 21:59:11'),(133,'Jesse Reed','toddholmes@example.org','2022-04-13','2023-11-29 21:59:11'),(134,'Derrick Haas','samanthageorge@example.com','2022-03-07','2023-11-29 21:59:11'),(135,'Angel Lawrence','toddcoleman@example.net','2023-04-20','2023-11-29 21:59:11'),(136,'Brian Fitzgerald','mcleanandrew@example.net','2023-03-29','2023-11-29 21:59:11'),(137,'Laura Gallegos','alexa36@example.com','2022-01-03','2023-11-29 21:59:11'),(138,'Lisa Williams','howardsamuel@example.com','2022-02-27','2023-11-29 21:59:11'),(139,'Nathaniel Rodriguez','gomeztimothy@example.net','2022-04-03','2023-11-29 21:59:11'),(140,'James Pena','gregory61@example.net','2022-11-17','2023-11-29 21:59:11'),(141,'Gabriela Lopez','dellison@example.net','2023-07-13','2023-11-29 21:59:11'),(142,'Jessica Acevedo','marylowe@example.net','2023-04-26','2023-11-29 21:59:11'),(143,'Daniel Kelley','andrewhancock@example.com','2023-04-07','2023-11-29 21:59:11'),(144,'Adriana Harper','emily92@example.org','2022-12-26','2023-11-29 21:59:11'),(145,'Sandra Shepard','monteskristina@example.com','2022-04-11','2023-11-29 21:59:11'),(146,'Kelly Bender','sierra70@example.net','2023-01-18','2023-11-29 21:59:11'),(147,'Angel Beasley','scottdaniels@example.com','2023-11-05','2023-11-29 21:59:11'),(148,'Henry Green','betty47@example.net','2022-01-01','2023-11-29 21:59:11'),(149,'Kyle Neal','levans@example.com','2022-08-16','2023-11-29 21:59:11'),(150,'Haley Snyder','ramirezjoseph@example.net','2023-03-03','2023-11-29 21:59:11'),(151,'Wendy Johnson','sweeneymichele@example.net','2023-11-27','2023-11-29 21:59:11'),(152,'Cynthia Andrews','djohnson@example.org','2023-05-17','2023-11-29 21:59:11'),(153,'Katherine Wheeler','zrogers@example.com','2023-04-15','2023-11-29 21:59:11'),(154,'Cory Phillips','nramirez@example.com','2022-10-06','2023-11-29 21:59:11'),(155,'Joshua Reed','carlsonjohn@example.com','2023-06-22','2023-11-29 21:59:11'),(156,'Elizabeth Hoover','williamlane@example.com','2023-10-09','2023-11-29 21:59:11'),(157,'Eric Adams','perezpatrick@example.org','2023-06-29','2023-11-29 21:59:11'),(158,'Mark Camacho','rmarshall@example.net','2023-09-11','2023-11-29 21:59:11'),(159,'Barry Palmer','uroberts@example.org','2022-12-05','2023-11-29 21:59:11'),(160,'Barbara Mitchell','sharon48@example.org','2022-06-13','2023-11-29 21:59:11'),(161,'Julie Ryan','leejonathan@example.com','2023-02-06','2023-11-29 21:59:11'),(162,'William Hall','gjimenez@example.com','2023-04-06','2023-11-29 21:59:11'),(163,'Diane Fernandez','wallacelacey@example.org','2023-04-08','2023-11-29 21:59:11'),(164,'Chloe Young','whansen@example.net','2022-04-12','2023-11-29 21:59:11'),(165,'Robert Carlson','jasminefoster@example.net','2023-06-28','2023-11-29 21:59:11'),(166,'Michele Ramirez','gailmoore@example.com','2022-10-27','2023-11-29 21:59:11'),(167,'Adam Good','joshuaburke@example.net','2023-06-18','2023-11-29 21:59:11'),(168,'Michelle Burke','adiaz@example.org','2022-09-24','2023-11-29 21:59:11'),(169,'Alex Love','andersonchristopher@example.com','2022-09-23','2023-11-29 21:59:11'),(170,'Cesar Best','gabrieloconnor@example.org','2022-11-30','2023-11-29 21:59:11'),(171,'Jonathon Washington','zachary66@example.org','2022-05-26','2023-11-29 21:59:11'),(172,'Miranda Bishop','timothydixon@example.net','2023-04-14','2023-11-29 21:59:11'),(173,'Melinda Perez','andrewmccoy@example.org','2022-07-13','2023-11-29 21:59:11'),(174,'Todd Stafford','hectormullen@example.net','2023-09-09','2023-11-29 21:59:11'),(175,'Justin Harper','williamsronald@example.com','2022-12-05','2023-11-29 21:59:11'),(176,'Norma Atkins','johnbass@example.com','2022-01-21','2023-11-29 21:59:11'),(177,'William Collins','gwong@example.org','2022-06-03','2023-11-29 21:59:11'),(178,'Sharon Hicks','anthony65@example.net','2022-05-11','2023-11-29 21:59:11'),(179,'George Smith','jessica87@example.net','2022-08-09','2023-11-29 21:59:11'),(180,'Walter Brown','greenlisa@example.com','2022-01-14','2023-11-29 21:59:11'),(181,'Luis Daniel','perrysheila@example.org','2022-09-04','2023-11-29 21:59:11'),(182,'Dorothy Jones','heathermartinez@example.com','2023-04-03','2023-11-29 21:59:11'),(183,'Elizabeth Lawrence','jcook@example.org','2023-05-13','2023-11-29 21:59:11'),(184,'Amanda West','sellerselaine@example.com','2023-01-14','2023-11-29 21:59:11'),(185,'William Fleming','williamserin@example.net','2022-01-14','2023-11-29 21:59:11'),(186,'Patricia Hartman','saundersandrew@example.com','2023-05-31','2023-11-29 21:59:11'),(187,'Nathan Gill','matthew28@example.net','2023-04-29','2023-11-29 21:59:11'),(188,'Andre Kelly','nelsoneric@example.net','2022-08-23','2023-11-29 21:59:11'),(189,'Jamie Clark','garciatodd@example.com','2023-09-03','2023-11-29 21:59:11'),(190,'Lynn Robbins','ucooke@example.net','2022-08-13','2023-11-29 21:59:11'),(191,'Julie Mendez','destiny84@example.com','2022-04-07','2023-11-29 21:59:11'),(192,'David Potts','enoble@example.org','2023-02-02','2023-11-29 21:59:11'),(193,'Tammy Wu','jose40@example.net','2023-03-28','2023-11-29 21:59:11'),(194,'Karen Ross','davisnancy@example.com','2022-04-08','2023-11-29 21:59:11'),(195,'Andrew Edwards','huangjohn@example.com','2023-06-22','2023-11-29 21:59:11'),(196,'Jon Duncan DVM','griffinjeremy@example.net','2023-06-18','2023-11-29 21:59:11'),(197,'Justin Lawson','brittanyjohns@example.com','2023-09-29','2023-11-29 21:59:11'),(198,'Joseph Holmes','rtorres@example.org','2023-01-16','2023-11-29 21:59:11'),(199,'Ashley Mendoza','mary96@example.net','2023-08-30','2023-11-29 21:59:11'),(200,'Michael Guzman','brianna52@example.org','2022-06-22','2023-11-29 21:59:11'),(201,'Jennifer Peterson','xweaver@example.net','2022-03-21','2023-11-29 21:59:11'),(202,'Heather Cole','pollarderic@example.com','2023-04-30','2023-11-29 21:59:11'),(203,'Sarah Cruz','shelly22@example.net','2023-08-12','2023-11-29 21:59:11'),(204,'Dustin Maxwell','cookmelanie@example.org','2022-10-22','2023-11-29 21:59:11'),(205,'Christopher Turner','michellesanders@example.org','2022-01-03','2023-11-29 21:59:11'),(206,'Nicholas Moore','shannonmitchell@example.org','2022-08-27','2023-11-29 21:59:11'),(207,'Tammy Romero','brandontorres@example.net','2023-04-06','2023-11-29 21:59:11'),(208,'Janet Gonzales','iterrell@example.com','2022-11-27','2023-11-29 21:59:11'),(209,'Kerry Osborne','wendy28@example.org','2023-02-28','2023-11-29 21:59:11'),(210,'William Gonzalez','juan09@example.org','2023-09-29','2023-11-29 21:59:11'),(211,'Denise Hood','anthonybryant@example.net','2022-08-24','2023-11-29 21:59:11'),(212,'Leslie Ponce','nancy44@example.com','2023-10-08','2023-11-29 21:59:11'),(213,'Leah Jensen','jacksonmarcus@example.org','2022-12-18','2023-11-29 21:59:11'),(214,'Brandon Morrow','dpotter@example.net','2023-06-14','2023-11-29 21:59:11'),(215,'Michele Reed','colebarbara@example.net','2022-12-01','2023-11-29 21:59:11'),(216,'Connor Robinson','aaronwhitaker@example.net','2022-09-07','2023-11-29 21:59:11'),(217,'Lucas Henson','bridgetcarter@example.net','2022-08-04','2023-11-29 21:59:11'),(218,'Keith Johnson','hwillis@example.com','2022-12-15','2023-11-29 21:59:11'),(219,'Christine Conway','comptonvictoria@example.net','2023-06-02','2023-11-29 21:59:11'),(220,'Joel Wheeler','patricia67@example.net','2022-06-23','2023-11-29 21:59:11'),(221,'Calvin Maldonado','vscott@example.com','2023-07-20','2023-11-29 21:59:11'),(222,'Cheryl Palmer','sarajones@example.org','2023-07-22','2023-11-29 21:59:11'),(223,'Helen Murphy','rodriguezluke@example.net','2023-03-16','2023-11-29 21:59:11'),(224,'Adrienne Downs','tthomas@example.com','2022-07-13','2023-11-29 21:59:11'),(225,'Lindsay Rodriguez','april58@example.org','2022-05-27','2023-11-29 21:59:11'),(226,'Elizabeth Garcia','sbuchanan@example.org','2022-03-20','2023-11-29 21:59:11'),(227,'Kevin Russell','eweaver@example.net','2023-10-31','2023-11-29 21:59:11'),(228,'Ashley Wheeler','davidpatterson@example.net','2022-01-10','2023-11-29 21:59:11'),(229,'Mark Cherry','jasminenunez@example.net','2022-02-01','2023-11-29 21:59:11'),(230,'Cassandra Daniel','sherry93@example.org','2023-03-25','2023-11-29 21:59:11'),(231,'Philip Morris','jeremy75@example.org','2022-06-01','2023-11-29 21:59:11'),(232,'David Owens','sharon01@example.org','2023-02-23','2023-11-29 21:59:11'),(233,'Jessica Harvey','alexandraandrews@example.net','2022-03-12','2023-11-29 21:59:11'),(234,'Kathryn Wells','bradley25@example.net','2022-12-11','2023-11-29 21:59:11'),(235,'Alexander Harmon','stricklandjeffrey@example.org','2022-04-07','2023-11-29 21:59:11'),(236,'Sarah Bailey','brookstracy@example.org','2023-01-29','2023-11-29 21:59:11'),(237,'Isaiah Perry','jberg@example.net','2022-09-20','2023-11-29 21:59:11'),(238,'Susan Schultz','igutierrez@example.org','2023-07-06','2023-11-29 21:59:11'),(239,'Sarah Bennett','lindavaughan@example.com','2023-03-03','2023-11-29 21:59:11'),(240,'Emily Castillo','wbrooks@example.com','2022-05-20','2023-11-29 21:59:11'),(241,'James Powers','melissa93@example.net','2022-07-01','2023-11-29 21:59:11'),(242,'Crystal Wright','calvarez@example.net','2023-03-06','2023-11-29 21:59:11'),(243,'Jon Johnson','marywood@example.net','2022-02-04','2023-11-29 21:59:11'),(244,'Katherine Howell','matthew60@example.com','2023-10-11','2023-11-29 21:59:11'),(245,'Michael Dean','rangelstephanie@example.net','2023-07-01','2023-11-29 21:59:11'),(246,'Stephanie Hurley','richard58@example.net','2022-01-03','2023-11-29 21:59:11'),(247,'Vincent Green','rbryant@example.net','2023-04-23','2023-11-29 21:59:11'),(248,'Paige Sanchez','ypatterson@example.org','2023-06-12','2023-11-29 21:59:11'),(249,'Darlene Holt','svargas@example.org','2022-11-17','2023-11-29 21:59:11'),(250,'Kelly Fox','simpsonelaine@example.net','2022-05-05','2023-11-29 21:59:11'),(251,'Jason Black','powersjohn@example.org','2023-06-04','2023-11-29 21:59:11'),(252,'Tiffany Meyer','fglass@example.com','2022-06-16','2023-11-29 21:59:11'),(253,'Christopher Hinton','qcarter@example.net','2023-09-12','2023-11-29 21:59:11'),(254,'Dylan Jimenez','hnash@example.net','2023-01-12','2023-11-29 21:59:11'),(255,'Troy Dunn','cohenamber@example.com','2023-09-10','2023-11-29 21:59:11'),(256,'Veronica Irwin','michaelgonzalez@example.net','2022-02-24','2023-11-29 21:59:11'),(257,'Michelle Clark','michael29@example.com','2022-06-12','2023-11-29 21:59:11'),(258,'Lisa Berry','campbellandrew@example.org','2022-02-12','2023-11-29 21:59:11'),(259,'Patricia Brennan','adamslisa@example.net','2022-10-17','2023-11-29 21:59:11'),(260,'Martin Long','xroberts@example.com','2022-01-06','2023-11-29 21:59:11'),(261,'Monica Nunez','patelbradley@example.com','2023-11-17','2023-11-29 21:59:11'),(262,'Laura Harris','jessica40@example.net','2022-08-07','2023-11-29 21:59:11'),(263,'Steven Nguyen','lewissheri@example.com','2022-06-10','2023-11-29 21:59:11'),(264,'Haley Hernandez','xlane@example.net','2023-02-24','2023-11-29 21:59:11'),(265,'Justin Dillon','xwilliams@example.org','2022-08-27','2023-11-29 21:59:11'),(266,'Jennifer Howell','alvarezmichael@example.com','2023-11-08','2023-11-29 21:59:11'),(267,'William Carter','gdiaz@example.net','2022-08-15','2023-11-29 21:59:11'),(268,'Charles Lester','kylemiller@example.net','2023-04-13','2023-11-29 21:59:11'),(269,'Leslie Harris','khanmichelle@example.com','2022-07-09','2023-11-29 21:59:11'),(270,'Nicholas Cole','michael28@example.org','2022-01-14','2023-11-29 21:59:11'),(271,'Melissa Vargas','stephaniecarroll@example.com','2022-11-14','2023-11-29 21:59:11'),(272,'Larry Gray','fwade@example.org','2022-11-01','2023-11-29 21:59:11'),(273,'Natalie Spencer','jonesjenna@example.org','2022-07-17','2023-11-29 21:59:11'),(274,'Jamie Young','hannah43@example.org','2022-09-04','2023-11-29 21:59:11'),(275,'Marvin Dorsey','aaronheath@example.com','2023-02-20','2023-11-29 21:59:11'),(276,'Joel Brown','brian45@example.org','2022-11-17','2023-11-29 21:59:11'),(277,'Jacob Flowers','scott58@example.net','2022-10-22','2023-11-29 21:59:11'),(278,'Emily Stevens','cynthiakennedy@example.com','2023-02-06','2023-11-29 21:59:11'),(279,'Teresa Thompson','zbeck@example.net','2022-11-26','2023-11-29 21:59:11'),(280,'Daniel Rhodes','tiffany78@example.com','2023-01-16','2023-11-29 21:59:11'),(281,'James Matthews','cynthiadixon@example.org','2023-06-13','2023-11-29 21:59:11'),(282,'Michael Ochoa','rachelhicks@example.org','2022-11-25','2023-11-29 21:59:11'),(283,'Jessica Jones','tony48@example.net','2022-09-15','2023-11-29 21:59:11'),(284,'Michael Erickson','korozco@example.org','2023-05-14','2023-11-29 21:59:11'),(285,'Arthur Ball','devonsims@example.net','2023-03-01','2023-11-29 21:59:11'),(286,'Anna Garza','qmercer@example.com','2023-04-14','2023-11-29 21:59:11'),(287,'Michael King','mikejones@example.net','2022-10-26','2023-11-29 21:59:11'),(288,'Julie Carney','murphytrevor@example.com','2022-05-06','2023-11-29 21:59:11'),(289,'Mr. Christopher Bender MD','qnguyen@example.net','2023-07-06','2023-11-29 21:59:11'),(290,'Tom Dominguez','wrodriguez@example.org','2023-05-02','2023-11-29 21:59:11'),(291,'Jennifer Short','yolanda81@example.net','2022-09-11','2023-11-29 21:59:11'),(292,'Sara Bradley','shannonwilkinson@example.org','2022-06-07','2023-11-29 21:59:11'),(293,'Kimberly Mitchell','patrick88@example.org','2023-06-07','2023-11-29 21:59:11'),(294,'James Powell','barronbianca@example.org','2022-10-05','2023-11-29 21:59:11'),(295,'Michelle Jackson','hprince@example.com','2022-03-14','2023-11-29 21:59:11'),(296,'Joshua Davis','pstewart@example.org','2023-09-25','2023-11-29 21:59:11'),(297,'James Blackwell','allisonwoods@example.org','2023-02-20','2023-11-29 21:59:11'),(298,'Steven Montgomery','susan03@example.org','2022-08-30','2023-11-29 21:59:11'),(299,'Kristy Chang','jessicagolden@example.com','2023-01-13','2023-11-29 21:59:11'),(300,'Terri Hubbard','ejohnson@example.org','2022-09-18','2023-11-29 21:59:11'),(301,'Blake Myers','scott75@example.com','2022-09-25','2023-11-29 21:59:11'),(302,'Sean Cruz','icollins@example.net','2023-07-21','2023-11-29 21:59:11'),(303,'Kathleen Ward','morgan69@example.net','2022-12-12','2023-11-29 21:59:11'),(304,'Blake Allen','aguirreluis@example.com','2022-05-24','2023-11-29 21:59:11'),(305,'Ashley Osborn','reedanthony@example.com','2022-04-07','2023-11-29 21:59:11'),(306,'Jeremy Gates','ubailey@example.net','2023-09-01','2023-11-29 21:59:11'),(307,'Deanna Wright','marc64@example.org','2023-02-09','2023-11-29 21:59:11'),(308,'Jeffrey Harper','alanthompson@example.com','2022-08-23','2023-11-29 21:59:11'),(309,'Alexandria Thomas','justinsmith@example.net','2023-05-16','2023-11-29 21:59:11'),(310,'Amanda Jones','ycunningham@example.org','2023-09-09','2023-11-29 21:59:11'),(311,'Erica Silva','carterdaniel@example.net','2023-05-08','2023-11-29 21:59:11'),(312,'Nancy Thomas','uwarner@example.org','2022-08-09','2023-11-29 21:59:11'),(313,'Leon Beard','alexis46@example.net','2022-02-10','2023-11-29 21:59:11'),(314,'Brian Webb','jennifergibson@example.net','2022-10-16','2023-11-29 21:59:11'),(315,'Mariah Hahn','david90@example.net','2022-12-04','2023-11-29 21:59:11'),(316,'Denise Moore','karen96@example.com','2023-05-12','2023-11-29 21:59:11'),(317,'Angela Mccoy','rivaschristina@example.org','2023-01-15','2023-11-29 21:59:11'),(318,'Jeremy Simmons','brianwilkins@example.net','2023-03-10','2023-11-29 21:59:11'),(319,'Joseph Briggs','gwendolynhunt@example.org','2023-03-16','2023-11-29 21:59:11'),(320,'Laura Kirby','harrisbrittney@example.com','2022-10-12','2023-11-29 21:59:11'),(321,'John Williams','mwong@example.com','2023-06-27','2023-11-29 21:59:11'),(322,'Nicole White','jonesnicholas@example.net','2022-06-08','2023-11-29 21:59:11'),(323,'Matthew Alvarez','srandall@example.org','2022-03-31','2023-11-29 21:59:11'),(324,'Melissa Taylor','ashleykelly@example.com','2023-04-23','2023-11-29 21:59:11'),(325,'Scott Johnson','xhernandez@example.com','2022-05-22','2023-11-29 21:59:11'),(326,'Christine Bryant','cooperchristopher@example.net','2023-01-06','2023-11-29 21:59:11'),(327,'Roy Odonnell','aevans@example.net','2022-01-17','2023-11-29 21:59:11'),(328,'Michele Mcguire','whitedominic@example.net','2022-12-17','2023-11-29 21:59:11'),(329,'Christina Turner','ashleymoore@example.net','2023-06-05','2023-11-29 21:59:11'),(330,'Robert Schwartz','davisjasmine@example.net','2023-03-01','2023-11-29 21:59:11'),(331,'Teresa Waters','ncardenas@example.net','2022-05-12','2023-11-29 21:59:11'),(332,'Robert Martinez','mark34@example.net','2023-11-27','2023-11-29 21:59:11'),(333,'Lindsey Lewis','dkelley@example.net','2022-06-03','2023-11-29 21:59:11'),(334,'Ashley Roberts','victor88@example.org','2022-03-10','2023-11-29 21:59:11'),(335,'Robert Smith','cookkyle@example.com','2023-08-21','2023-11-29 21:59:11'),(336,'Jennifer Beard','bryantkevin@example.com','2023-06-16','2023-11-29 21:59:11'),(337,'Robin Bass','joshua68@example.com','2022-07-31','2023-11-29 21:59:11'),(338,'Henry Davis','mfoster@example.org','2022-01-26','2023-11-29 21:59:11'),(339,'Jill Turner','eric10@example.com','2022-02-18','2023-11-29 21:59:11'),(340,'Vincent Mills','regina81@example.org','2022-05-08','2023-11-29 21:59:11'),(341,'Gabriel Shaw','fieldsamy@example.net','2023-08-07','2023-11-29 21:59:11'),(342,'Theresa Ward','wilsonelizabeth@example.com','2023-05-24','2023-11-29 21:59:11'),(343,'Katrina Bean','fowlerlaurie@example.org','2022-11-25','2023-11-29 21:59:11'),(344,'Jeremy Jimenez','geaton@example.net','2023-07-17','2023-11-29 21:59:11'),(345,'Paul Bryant','scott41@example.com','2022-09-15','2023-11-29 21:59:11'),(346,'Kimberly Villegas','johnsondanny@example.net','2023-08-30','2023-11-29 21:59:11'),(347,'Ashley Solomon','clarktammy@example.net','2023-06-23','2023-11-29 21:59:11'),(348,'Keith Morris','drakedavid@example.net','2022-10-05','2023-11-29 21:59:11'),(349,'Brittany Taylor','williamswilliam@example.com','2022-03-26','2023-11-29 21:59:11'),(350,'Jacob Parsons','edavidson@example.net','2023-09-03','2023-11-29 21:59:11'),(351,'Danielle Morris','williamquinn@example.com','2023-01-14','2023-11-29 21:59:11'),(352,'Peter Gonzalez','madelinepeters@example.org','2022-11-20','2023-11-29 21:59:11'),(353,'Sara Garcia','wilsonjamie@example.org','2022-07-04','2023-11-29 21:59:11'),(354,'Edgar Myers','clowe@example.com','2023-01-13','2023-11-29 21:59:11'),(355,'Pam Cunningham','andersonrobert@example.net','2022-09-25','2023-11-29 21:59:11'),(356,'Larry Thomas','smithjohn@example.org','2023-05-01','2023-11-29 21:59:11'),(357,'Daniel Chaney Jr.','diaztamara@example.org','2023-10-30','2023-11-29 21:59:11'),(358,'Sherri Huerta','imcgrath@example.org','2022-08-03','2023-11-29 21:59:11'),(359,'Christopher Griffin','davidromero@example.org','2023-07-22','2023-11-29 21:59:11'),(360,'James Williams','christopherjohnson@example.net','2022-04-29','2023-11-29 21:59:11'),(361,'Rachel Allen','roachrichard@example.net','2022-09-30','2023-11-29 21:59:11'),(362,'David Blackwell','christopher16@example.org','2022-08-17','2023-11-29 21:59:11'),(363,'Shane George','donaldturner@example.net','2022-09-23','2023-11-29 21:59:11'),(364,'Donna Carter','courtney12@example.org','2023-01-24','2023-11-29 21:59:11'),(365,'Mark Macias','isaac82@example.org','2023-02-03','2023-11-29 21:59:11'),(366,'Rodney Martinez','zgross@example.net','2022-03-20','2023-11-29 21:59:11'),(367,'David Brown','bradley76@example.org','2022-09-18','2023-11-29 21:59:11'),(368,'Lisa Gallagher','huntercarol@example.net','2022-07-30','2023-11-29 21:59:11'),(369,'Vanessa Randall','jimenezryan@example.org','2023-09-18','2023-11-29 21:59:11'),(370,'Holly Norton','angel27@example.com','2022-07-16','2023-11-29 21:59:11'),(371,'Ana Richmond','richardsonsarah@example.net','2022-06-04','2023-11-29 21:59:11'),(372,'Richard Lucas','jdavis@example.com','2023-05-16','2023-11-29 21:59:11'),(373,'Lauren Adkins','lgalloway@example.com','2022-04-13','2023-11-29 21:59:11'),(374,'Jodi Hardy','pamela47@example.net','2022-10-26','2023-11-29 21:59:11'),(375,'Sydney Lloyd','phenderson@example.org','2023-04-19','2023-11-29 21:59:11'),(376,'Ray Wright','matthew02@example.com','2022-01-08','2023-11-29 21:59:11'),(377,'Sharon Lopez','michaelrogers@example.org','2023-08-31','2023-11-29 21:59:11'),(378,'Rhonda Rodriguez','ana68@example.net','2023-08-20','2023-11-29 21:59:11'),(379,'Carlos Hood','deannguyen@example.org','2022-02-13','2023-11-29 21:59:11'),(380,'Melissa Ford','ashleysmith@example.org','2023-09-13','2023-11-29 21:59:11'),(381,'Karen Lawrence','marthaduncan@example.com','2022-04-04','2023-11-29 21:59:11'),(382,'Matthew Reeves','taracarter@example.net','2022-01-02','2023-11-29 21:59:11'),(383,'Christopher Garner','qbeard@example.org','2023-02-06','2023-11-29 21:59:11'),(384,'Benjamin Leblanc','mark58@example.com','2023-05-03','2023-11-29 21:59:11'),(385,'Holly Sosa','michelle16@example.org','2022-08-19','2023-11-29 21:59:11'),(386,'Justin Campos','erinking@example.com','2023-05-01','2023-11-29 21:59:11'),(387,'Joanne Kim','vwilson@example.org','2022-08-31','2023-11-29 21:59:11'),(388,'Timothy Brooks','codyrowe@example.org','2022-07-10','2023-11-29 21:59:11'),(389,'Kathy Waller','tammyhardy@example.org','2022-12-08','2023-11-29 21:59:11'),(390,'Melissa Carpenter','qsharp@example.net','2022-12-11','2023-11-29 21:59:11'),(391,'Amy Hall','gregorywilliam@example.net','2022-10-10','2023-11-29 21:59:11'),(392,'Patricia Hawkins','wilsonjack@example.org','2022-04-29','2023-11-29 21:59:11'),(393,'Gina White','christopher79@example.com','2022-04-03','2023-11-29 21:59:11'),(394,'Austin Hart','krystalgreen@example.com','2022-11-20','2023-11-29 21:59:11'),(395,'Danielle Taylor','rcooper@example.org','2023-02-22','2023-11-29 21:59:11'),(396,'Kelly Montgomery','emilydaniels@example.net','2023-09-27','2023-11-29 21:59:11'),(397,'Joshua Barker','ghicks@example.com','2022-10-14','2023-11-29 21:59:11'),(398,'Karen Blevins','bradyrachel@example.com','2023-09-30','2023-11-29 21:59:11'),(399,'Joshua Bailey','smallsara@example.org','2023-02-16','2023-11-29 21:59:11'),(400,'Linda Fitzpatrick','beth87@example.org','2022-01-31','2023-11-29 21:59:11'),(401,'Karen Bates','emmaclark@example.com','2023-10-25','2023-11-29 21:59:11'),(402,'Ashley Cook','jeremiahbrown@example.com','2022-11-06','2023-11-29 21:59:11'),(403,'Samantha Odonnell','manningshelby@example.org','2022-02-02','2023-11-29 21:59:11'),(404,'Diane Graves','xlewis@example.com','2023-11-25','2023-11-29 21:59:11'),(405,'Jeanne Roman','michellegriffin@example.net','2022-07-10','2023-11-29 21:59:11'),(406,'Daniel Reyes','allenbenjamin@example.com','2023-07-05','2023-11-29 21:59:11'),(407,'Adrian Cole','melinda28@example.org','2022-09-25','2023-11-29 21:59:11'),(408,'Allison Lee','mturner@example.net','2023-04-23','2023-11-29 21:59:11'),(409,'Sarah Hutchinson','melissa88@example.com','2022-08-20','2023-11-29 21:59:11'),(410,'Cynthia Thompson','lisa13@example.org','2023-01-31','2023-11-29 21:59:11'),(411,'Betty Jackson','heathjohn@example.com','2022-01-22','2023-11-29 21:59:11'),(412,'Roger Scott','melanie46@example.com','2023-05-25','2023-11-29 21:59:11'),(413,'Karen Chung','derekrichards@example.org','2022-09-11','2023-11-29 21:59:11'),(414,'Alexandria Hurst','crystalwhite@example.com','2022-10-07','2023-11-29 21:59:11'),(415,'Travis Barker','patricia16@example.org','2022-04-01','2023-11-29 21:59:11'),(416,'Whitney Fuller','carolynhernandez@example.net','2022-04-04','2023-11-29 21:59:11'),(417,'Kim Chavez','andrearogers@example.com','2023-08-17','2023-11-29 21:59:11'),(418,'Mario Meyers','latasha27@example.net','2022-06-04','2023-11-29 21:59:11'),(419,'Brooke Allen','ewright@example.net','2022-12-01','2023-11-29 21:59:11'),(420,'Mario Walton','billykane@example.net','2023-01-08','2023-11-29 21:59:11'),(421,'Eric Brown','aphillips@example.org','2023-02-14','2023-11-29 21:59:11'),(422,'Anna Turner','sferguson@example.com','2022-01-15','2023-11-29 21:59:11'),(423,'Emily Reed','erinhendricks@example.net','2023-04-07','2023-11-29 21:59:11'),(424,'Desiree Martinez','scott61@example.com','2022-04-11','2023-11-29 21:59:11'),(425,'Christina Bell','hward@example.org','2023-09-01','2023-11-29 21:59:11'),(426,'Ashley Marsh','dawn79@example.org','2023-10-05','2023-11-29 21:59:11'),(427,'Maria Reed','michael78@example.org','2022-02-03','2023-11-29 21:59:11'),(428,'Brittany Kline','lindaschroeder@example.net','2022-10-29','2023-11-29 21:59:11'),(429,'Heidi Dudley','zstout@example.com','2023-09-24','2023-11-29 21:59:11'),(430,'Debra Russell','masondonald@example.com','2023-09-25','2023-11-29 21:59:11'),(431,'Terry Jones','obarnett@example.net','2023-10-24','2023-11-29 21:59:11'),(432,'Elizabeth Gallegos','justin03@example.com','2023-08-06','2023-11-29 21:59:11'),(433,'Melissa Harris','vmcpherson@example.com','2022-05-06','2023-11-29 21:59:11'),(434,'Tina Williams','victoria39@example.org','2022-08-08','2023-11-29 21:59:11'),(435,'David Willis','sara38@example.com','2023-11-17','2023-11-29 21:59:11'),(436,'Vanessa Wilson','pottermelissa@example.net','2023-01-29','2023-11-29 21:59:11'),(437,'James Owens','vsteele@example.org','2022-01-06','2023-11-29 21:59:11'),(438,'Shane Ellis','david71@example.com','2023-08-20','2023-11-29 21:59:11'),(439,'Kimberly Johnson','gcampbell@example.net','2023-09-29','2023-11-29 21:59:11'),(440,'John Bowers','staceygardner@example.org','2022-05-13','2023-11-29 21:59:11'),(441,'Sharon Morris','nicole27@example.org','2023-02-23','2023-11-29 21:59:11'),(442,'Sharon Alexander','collinsrodney@example.org','2023-06-28','2023-11-29 21:59:11'),(443,'Mitchell Meadows','dunnjuan@example.org','2023-05-15','2023-11-29 21:59:11'),(444,'Kim Smith','taylorbrown@example.com','2022-12-13','2023-11-29 21:59:11'),(445,'Mary Hartman','hayesanthony@example.net','2022-02-17','2023-11-29 21:59:11'),(446,'Brian Blake','mario22@example.org','2022-01-12','2023-11-29 21:59:11'),(447,'Donna Harrison','chase85@example.net','2022-10-20','2023-11-29 21:59:11'),(448,'Thomas Gill','anthony51@example.net','2022-02-24','2023-11-29 21:59:11'),(449,'Michael Hall','timothymays@example.com','2022-09-11','2023-11-29 21:59:11'),(450,'Natasha Thompson','wbailey@example.com','2022-04-29','2023-11-29 21:59:11'),(451,'Scott Patel','bennettdiane@example.net','2023-08-20','2023-11-29 21:59:11'),(452,'David Carter','nicholasdean@example.net','2023-10-26','2023-11-29 21:59:11'),(453,'Lisa Gray','benitezangela@example.com','2022-04-30','2023-11-29 21:59:11'),(454,'Emily Guzman','ywalker@example.net','2022-10-28','2023-11-29 21:59:11'),(455,'Austin Walton','oliverashley@example.net','2023-08-08','2023-11-29 21:59:11'),(456,'Michael Powell','qjohnson@example.com','2022-12-28','2023-11-29 21:59:11'),(457,'Bryan Gonzalez','hartdanielle@example.org','2022-10-14','2023-11-29 21:59:11'),(458,'Laura Mosley','cjensen@example.net','2022-10-24','2023-11-29 21:59:11'),(459,'Robert Campbell','tflores@example.org','2023-07-31','2023-11-29 21:59:11'),(460,'Lisa Schwartz','nli@example.com','2022-01-18','2023-11-29 21:59:11'),(461,'Katherine Watson','angela28@example.net','2023-10-10','2023-11-29 21:59:11'),(462,'Andrew Duncan','rnelson@example.net','2022-02-04','2023-11-29 21:59:11'),(463,'Timothy Fernandez','alexanderbryant@example.net','2023-08-04','2023-11-29 21:59:11'),(464,'Matthew Gibbs','paulnichols@example.com','2022-12-25','2023-11-29 21:59:11'),(465,'Rhonda Jimenez','evanlee@example.com','2022-08-01','2023-11-29 21:59:11'),(466,'Brittney Castro MD','fishertroy@example.org','2022-10-18','2023-11-29 21:59:11'),(467,'Christian Rowe','christian26@example.net','2023-05-06','2023-11-29 21:59:11'),(468,'Scott Steele','hulleric@example.net','2022-06-10','2023-11-29 21:59:11'),(469,'Kelly Campbell','woodsarah@example.org','2022-01-16','2023-11-29 21:59:11'),(470,'Eric Ford','pittmantaylor@example.org','2022-08-23','2023-11-29 21:59:11'),(471,'Mariah Blankenship','tammy97@example.org','2023-01-26','2023-11-29 21:59:11'),(472,'Blake Johnson','qmendez@example.net','2022-01-18','2023-11-29 21:59:11'),(473,'Wesley Patterson','nmcdonald@example.org','2023-02-17','2023-11-29 21:59:11'),(474,'Rodney Brewer','michellevalencia@example.net','2022-10-16','2023-11-29 21:59:11'),(475,'Lindsay Andersen','yolandaperkins@example.org','2022-08-07','2023-11-29 21:59:11'),(476,'Hector Carr III','mcdonaldriley@example.com','2022-12-06','2023-11-29 21:59:11'),(477,'Taylor Moon','staceychavez@example.org','2023-04-11','2023-11-29 21:59:11'),(478,'Kathy Ward','garciajenna@example.org','2023-09-05','2023-11-29 21:59:11'),(479,'Edward Kelly','cbrooks@example.org','2023-03-09','2023-11-29 21:59:11'),(480,'Kenneth Williams','james34@example.net','2022-08-04','2023-11-29 21:59:11'),(481,'Gabriel Duncan DDS','kimtiffany@example.org','2022-09-19','2023-11-29 21:59:11'),(482,'Randy Jones','randypage@example.net','2022-05-21','2023-11-29 21:59:11'),(483,'Megan Green','alvin56@example.org','2023-07-24','2023-11-29 21:59:11'),(484,'Robert Webb','finleyamy@example.org','2023-08-21','2023-11-29 21:59:11'),(485,'Sean Coleman','rodriguezlawrence@example.org','2022-08-17','2023-11-29 21:59:11'),(486,'Elizabeth Sanders','rebecca43@example.com','2022-12-13','2023-11-29 21:59:11'),(487,'Matthew Strickland','wilsoneddie@example.org','2022-05-17','2023-11-29 21:59:11'),(488,'Kristen Haas','monica80@example.com','2023-03-02','2023-11-29 21:59:11'),(489,'Cheryl Cardenas','carpentertonya@example.com','2023-02-09','2023-11-29 21:59:11'),(490,'Susan Lawrence','mbecker@example.com','2022-12-29','2023-11-29 21:59:11'),(491,'Jeffery Adams','myersnicole@example.com','2022-04-30','2023-11-29 21:59:11'),(492,'Anne Davis','xsharp@example.com','2022-09-02','2023-11-29 21:59:11'),(493,'Theresa Nolan','rachel88@example.org','2023-02-03','2023-11-29 21:59:11'),(494,'Caitlin Gardner','grosspatrick@example.net','2023-10-17','2023-11-29 21:59:11'),(495,'Kathryn Simon','xnorton@example.org','2022-11-01','2023-11-29 21:59:11'),(496,'Scott Baldwin','curtis60@example.com','2022-07-14','2023-11-29 21:59:11'),(497,'Alex Massey','williamskaren@example.com','2022-09-05','2023-11-29 21:59:11'),(498,'Marc Smith','lancerussell@example.com','2022-09-07','2023-11-29 21:59:11'),(499,'Kevin Bell','pattonvictor@example.org','2023-03-24','2023-11-29 21:59:11'),(500,'Kimberly Mitchell','awatkins@example.org','2023-08-18','2023-11-29 21:59:11'),(501,'Christine Jordan','christinahernandez@example.net','2022-01-09','2023-11-29 21:59:11'),(502,'Karen Lopez','fkramer@example.net','2023-05-24','2023-11-29 21:59:11'),(503,'Crystal Moreno','hmiller@example.com','2022-03-13','2023-11-29 21:59:11'),(504,'Kristin Williams','benjaminbyrd@example.org','2023-01-15','2023-11-29 21:59:11'),(505,'Stephanie Turner','paigemiller@example.net','2023-11-18','2023-11-29 21:59:11'),(506,'Brian Butler','franklinjohnny@example.org','2022-04-20','2023-11-29 21:59:11'),(507,'Karen Costa','rhenry@example.net','2022-01-22','2023-11-29 21:59:11'),(508,'Hector Chase','sandrawilliams@example.org','2022-01-24','2023-11-29 21:59:11'),(509,'James Gonzalez','esullivan@example.com','2022-01-27','2023-11-29 21:59:11'),(510,'Jean Baker','youngkent@example.com','2023-05-24','2023-11-29 21:59:11'),(511,'Steven Barnett','ijackson@example.org','2023-10-31','2023-11-29 21:59:11'),(512,'Robert Coleman','angela09@example.org','2023-03-09','2023-11-29 21:59:11'),(513,'Leah Sandoval','vcantu@example.net','2023-06-27','2023-11-29 21:59:11'),(514,'Brenda Pope','stevenstark@example.org','2022-07-20','2023-11-29 21:59:11'),(515,'Raymond Cabrera','dcross@example.com','2022-10-08','2023-11-29 21:59:11'),(516,'Megan Rodriguez','erinsmith@example.com','2023-04-04','2023-11-29 21:59:11'),(517,'Frederick Woods','daniellerodriguez@example.com','2022-12-12','2023-11-29 21:59:11'),(518,'Erika Haynes','quinnmark@example.net','2022-09-30','2023-11-29 21:59:11'),(519,'Heather Haynes','pbailey@example.com','2022-12-30','2023-11-29 21:59:11'),(520,'Cody White','ilamb@example.org','2022-04-20','2023-11-29 21:59:11'),(521,'Allison Malone','ycampbell@example.com','2022-01-21','2023-11-29 21:59:11'),(522,'Jeffrey Ponce','joshua56@example.net','2023-09-02','2023-11-29 21:59:11'),(523,'Alexander Cox','hamiltonpaul@example.com','2023-08-16','2023-11-29 21:59:11'),(524,'Michele Contreras','stephanie38@example.net','2023-04-13','2023-11-29 21:59:11'),(525,'Kristine Cochran','bwells@example.org','2023-05-05','2023-11-29 21:59:11'),(526,'Whitney Gonzalez','ramseythomas@example.net','2022-04-10','2023-11-29 21:59:11'),(527,'Norman Friedman','davidknight@example.com','2022-04-02','2023-11-29 21:59:11'),(528,'Christina Zavala','goldencharles@example.com','2022-08-12','2023-11-29 21:59:11'),(529,'Michael Garza','jason61@example.org','2022-07-01','2023-11-29 21:59:11'),(530,'Sheila Hill','nicholaskelley@example.net','2022-12-18','2023-11-29 21:59:11'),(531,'Alexis Meyer','abbottsandra@example.net','2023-01-09','2023-11-29 21:59:11'),(532,'Thomas Sharp','rchapman@example.com','2023-10-27','2023-11-29 21:59:11'),(533,'Michael Jenkins','fletcherdouglas@example.org','2022-06-16','2023-11-29 21:59:11'),(534,'Meghan Allen','rmoore@example.org','2022-07-03','2023-11-29 21:59:11'),(535,'Courtney Collins','daniel31@example.net','2022-04-21','2023-11-29 21:59:11'),(536,'Maria Jenkins','beckjose@example.org','2022-02-05','2023-11-29 21:59:11'),(537,'Willie Erickson','gabriellethomas@example.org','2022-04-23','2023-11-29 21:59:11'),(538,'Tracy Edwards','lambbenjamin@example.com','2022-08-09','2023-11-29 21:59:11'),(539,'John Williams','mbaker@example.com','2023-04-18','2023-11-29 21:59:11'),(540,'Whitney Molina','wjohnson@example.org','2023-08-04','2023-11-29 21:59:11'),(541,'Angela Hamilton','kathy65@example.com','2022-04-12','2023-11-29 21:59:11'),(542,'Michael Khan','marcuscampbell@example.com','2022-12-02','2023-11-29 21:59:11'),(543,'Paul Jones','barryronnie@example.com','2022-08-16','2023-11-29 21:59:11'),(544,'Jose Wiley','riverarebecca@example.org','2023-02-24','2023-11-29 21:59:11'),(545,'Susan Blair','laguirre@example.net','2023-02-28','2023-11-29 21:59:11'),(546,'Stanley Webb','isaac83@example.net','2023-08-24','2023-11-29 21:59:11'),(547,'Lauren Cervantes','calvinnewman@example.org','2022-02-01','2023-11-29 21:59:11'),(548,'Chad Banks','johnsonchristopher@example.com','2023-10-17','2023-11-29 21:59:11'),(549,'Elijah Hughes','craiggallagher@example.com','2023-02-04','2023-11-29 21:59:11'),(550,'Christina Taylor','cneal@example.org','2022-02-21','2023-11-29 21:59:11'),(551,'Donna Knight','rhondascott@example.net','2023-05-19','2023-11-29 21:59:11'),(552,'Herbert Carr','donald56@example.com','2023-07-04','2023-11-29 21:59:11'),(553,'Brian Poole','rodriguezjonathan@example.com','2023-01-01','2023-11-29 21:59:11'),(554,'Victoria Parsons','markwaller@example.com','2023-02-22','2023-11-29 21:59:11'),(555,'Robert Ramirez','iharmon@example.com','2022-05-29','2023-11-29 21:59:11'),(556,'Caroline Rivera','ymartinez@example.com','2023-03-27','2023-11-29 21:59:11'),(557,'Amy Barr','monica08@example.net','2022-06-02','2023-11-29 21:59:11'),(558,'Kimberly Stephenson','lawrencealexandra@example.com','2022-03-27','2023-11-29 21:59:11'),(559,'Alicia Matthews','cynthia87@example.com','2023-05-05','2023-11-29 21:59:11'),(560,'Marie Rodriguez','sbyrd@example.com','2022-10-14','2023-11-29 21:59:11'),(561,'Jennifer Beck','michaeldelacruz@example.com','2023-08-28','2023-11-29 21:59:11'),(562,'Sally Kim','samuelmurphy@example.net','2022-09-22','2023-11-29 21:59:11'),(563,'Mark Ellis','ericmartinez@example.org','2022-06-26','2023-11-29 21:59:11'),(564,'Dana Hall','steven04@example.org','2022-07-22','2023-11-29 21:59:11'),(565,'Wendy Martinez','michaelmiller@example.com','2023-07-17','2023-11-29 21:59:11'),(566,'Nicole Williamson','melissa89@example.com','2022-07-21','2023-11-29 21:59:11'),(567,'Sandra Johnson','sarahaguirre@example.org','2023-03-14','2023-11-29 21:59:11'),(568,'Stacy Cabrera','alexandragoodman@example.org','2023-11-21','2023-11-29 21:59:11'),(569,'Stephen Fisher','foxdanielle@example.org','2023-08-06','2023-11-29 21:59:11'),(570,'Robin Jenkins','eortega@example.org','2023-04-18','2023-11-29 21:59:11'),(571,'James Harris','cookechristine@example.org','2023-08-08','2023-11-29 21:59:11'),(572,'Victoria Lozano','ana29@example.com','2023-10-26','2023-11-29 21:59:11'),(573,'Timothy Thompson','oliverkelsey@example.net','2023-03-26','2023-11-29 21:59:11'),(574,'Valerie Haynes','gdavis@example.org','2022-02-10','2023-11-29 21:59:11'),(575,'Stephanie Graham','michaelmclean@example.org','2023-04-19','2023-11-29 21:59:11'),(576,'Corey Serrano','marissa14@example.com','2023-10-13','2023-11-29 21:59:11'),(577,'Anna Brooks','wilsonsonia@example.net','2023-11-14','2023-11-29 21:59:11'),(578,'Randy Patton','denise99@example.org','2023-09-09','2023-11-29 21:59:11'),(579,'Jennifer Torres','ocharles@example.com','2023-05-29','2023-11-29 21:59:11'),(580,'David Clark','tpreston@example.org','2022-02-06','2023-11-29 21:59:11'),(581,'Brian Foster','morrisonchristine@example.com','2023-09-09','2023-11-29 21:59:11'),(582,'Elizabeth Morse','martinbailey@example.net','2023-06-20','2023-11-29 21:59:11'),(583,'Steven Anderson','tiffanyparker@example.net','2022-11-01','2023-11-29 21:59:11'),(584,'Kenneth Rodriguez','yolandasmith@example.com','2022-01-09','2023-11-29 21:59:11'),(585,'Mrs. Jamie Gilbert DVM','david51@example.com','2023-02-16','2023-11-29 21:59:11'),(586,'Billy Ortiz','heather34@example.net','2023-04-28','2023-11-29 21:59:11'),(587,'Lori Bond','williamrivas@example.org','2023-10-29','2023-11-29 21:59:11'),(588,'Christina Green','danielhughes@example.com','2022-09-11','2023-11-29 21:59:11'),(589,'Brady Burns','qmckenzie@example.org','2022-03-05','2023-11-29 21:59:11'),(590,'Justin Clayton','mooresandra@example.org','2022-05-12','2023-11-29 21:59:11'),(591,'James Johnson','vsuarez@example.org','2022-09-07','2023-11-29 21:59:11'),(592,'Paul Thomas','angela83@example.net','2022-07-24','2023-11-29 21:59:11'),(593,'Anthony Mathis','john53@example.com','2023-09-18','2023-11-29 21:59:11'),(594,'Valerie Anderson','karl99@example.org','2022-12-12','2023-11-29 21:59:11'),(595,'Abigail Cook','edwardwright@example.net','2023-06-04','2023-11-29 21:59:11'),(596,'Deborah Jones','polson@example.org','2022-11-12','2023-11-29 21:59:11'),(597,'Timothy Garcia','xjohnson@example.com','2023-02-23','2023-11-29 21:59:11'),(598,'Jessica Fitzpatrick','wiserobert@example.com','2022-01-14','2023-11-29 21:59:11'),(599,'Rebekah Fisher','stevenhouston@example.net','2022-09-18','2023-11-29 21:59:11'),(600,'Thomas Lane','andrew75@example.net','2023-08-23','2023-11-29 21:59:11'),(601,'Nicole Duncan','atkinsnatasha@example.com','2022-04-18','2023-11-29 21:59:11'),(602,'Jacob Mccarthy','michelle15@example.net','2023-08-05','2023-11-29 21:59:11'),(603,'Seth Farrell','jjefferson@example.org','2022-02-15','2023-11-29 21:59:11'),(604,'Samantha Meyer','courtney89@example.com','2023-06-22','2023-11-29 21:59:11'),(605,'Alexa Davis','david49@example.net','2023-01-11','2023-11-29 21:59:11'),(606,'Larry Faulkner','veronica56@example.org','2022-05-11','2023-11-29 21:59:11'),(607,'Leroy Miller','williamjensen@example.org','2023-01-31','2023-11-29 21:59:11'),(608,'Matthew Allen','fchapman@example.net','2023-11-03','2023-11-29 21:59:11'),(609,'Sandra Reynolds','wilsoncraig@example.com','2023-04-21','2023-11-29 21:59:11'),(610,'Anthony Gray','alec62@example.net','2022-02-20','2023-11-29 21:59:11'),(611,'Laura Mack','lisasanford@example.net','2023-07-04','2023-11-29 21:59:11'),(612,'Russell Jones','svega@example.org','2023-03-17','2023-11-29 21:59:11'),(613,'Anthony Vazquez','bennettbrenda@example.org','2023-02-10','2023-11-29 21:59:11'),(614,'Katelyn Rogers','djohnson@example.net','2023-06-06','2023-11-29 21:59:11'),(615,'John Robles','baileylisa@example.com','2022-02-16','2023-11-29 21:59:11'),(616,'Olivia Stuart','pblair@example.com','2023-01-21','2023-11-29 21:59:11'),(617,'Katrina Turner','wcarpenter@example.com','2022-04-27','2023-11-29 21:59:11'),(618,'Aimee Fleming','austinjacqueline@example.net','2022-03-02','2023-11-29 21:59:11'),(619,'Ronnie Collins','david27@example.net','2023-04-05','2023-11-29 21:59:11'),(620,'Tracy Hicks','holly00@example.net','2023-11-20','2023-11-29 21:59:11'),(621,'Lisa Holland','crystalmoore@example.com','2022-11-27','2023-11-29 21:59:11'),(622,'Ashley Hanson','robert48@example.net','2022-07-25','2023-11-29 21:59:11'),(623,'Tabitha Morris','smithlisa@example.org','2022-12-07','2023-11-29 21:59:11'),(624,'Carl Sutton','jameshernandez@example.com','2022-01-21','2023-11-29 21:59:11'),(625,'Chad Collins','juliecook@example.com','2023-11-14','2023-11-29 21:59:11'),(626,'Travis Johnson','erikwelch@example.com','2023-08-06','2023-11-29 21:59:11'),(627,'Justin Smith','thomas19@example.org','2023-01-15','2023-11-29 21:59:11'),(628,'Austin Graves','brian79@example.org','2022-09-14','2023-11-29 21:59:11'),(629,'Christopher Brown','greenkelsey@example.net','2023-01-14','2023-11-29 21:59:11'),(630,'Stephen Mathews','amandaedwards@example.com','2022-10-14','2023-11-29 21:59:11'),(631,'Philip Ayers','dickersonkevin@example.com','2022-04-05','2023-11-29 21:59:11'),(632,'Steven Sanders','roger42@example.net','2023-06-23','2023-11-29 21:59:11'),(633,'Melissa Henry','zperez@example.org','2022-12-29','2023-11-29 21:59:11'),(634,'Tiffany Bryant','nicoledelgado@example.net','2023-11-08','2023-11-29 21:59:11'),(635,'Kelly Garcia','melissasmith@example.org','2023-02-07','2023-11-29 21:59:11'),(636,'Lawrence May','shawnbautista@example.com','2022-05-06','2023-11-29 21:59:11'),(637,'Johnny Ellis','cannonjavier@example.org','2022-12-04','2023-11-29 21:59:11'),(638,'Taylor David','whenderson@example.com','2022-06-01','2023-11-29 21:59:11'),(639,'Erika Costa','hamiltonandrew@example.net','2022-05-18','2023-11-29 21:59:11'),(640,'Kimberly Lopez','phillip75@example.net','2023-02-22','2023-11-29 21:59:11'),(641,'Nathan Ritter','robertsjason@example.net','2023-08-04','2023-11-29 21:59:11'),(642,'Tyler Castillo','mknight@example.org','2022-08-13','2023-11-29 21:59:11'),(643,'Ruben Pacheco','tyler31@example.com','2022-03-02','2023-11-29 21:59:11'),(644,'Billy Lee','cookwilliam@example.com','2022-05-22','2023-11-29 21:59:11'),(645,'Nicholas Cruz','kristina04@example.com','2022-07-27','2023-11-29 21:59:11'),(646,'Amy Orr','williammcclain@example.com','2023-03-09','2023-11-29 21:59:11'),(647,'Robert Moore','thomasgrant@example.com','2022-08-11','2023-11-29 21:59:11'),(648,'Steven Mercado','riggsbenjamin@example.net','2022-05-05','2023-11-29 21:59:11'),(649,'Cynthia Soto','carmenfields@example.com','2022-01-25','2023-11-29 21:59:11'),(650,'Stephanie Castro','watsonthomas@example.com','2022-05-16','2023-11-29 21:59:11'),(651,'Brad Washington','colonrachel@example.com','2022-03-23','2023-11-29 21:59:11'),(652,'Angela Newton','james70@example.org','2023-11-17','2023-11-29 21:59:11'),(653,'Thomas Bauer','patriciakim@example.net','2023-08-24','2023-11-29 21:59:11'),(654,'Kenneth Young','roberthardy@example.net','2022-05-01','2023-11-29 21:59:11'),(655,'Melissa Williams','dominiqueday@example.org','2022-07-05','2023-11-29 21:59:11'),(656,'Amy Padilla','vbrooks@example.org','2022-10-24','2023-11-29 21:59:11'),(657,'Alicia Campbell','esimmons@example.org','2022-04-24','2023-11-29 21:59:11'),(658,'Robert Howard','robinjohnson@example.com','2023-05-07','2023-11-29 21:59:11'),(659,'Natalie Frye','ronald60@example.com','2022-04-03','2023-11-29 21:59:11'),(660,'Jeremy Wilson','byoung@example.com','2022-11-25','2023-11-29 21:59:11'),(661,'Cole Blake','april79@example.org','2023-03-02','2023-11-29 21:59:11'),(662,'Amy Barnes','james91@example.com','2022-07-26','2023-11-29 21:59:11'),(663,'Gary Keller','chrisfrench@example.net','2023-02-19','2023-11-29 21:59:11'),(664,'Alison Dixon','dianajackson@example.net','2022-09-16','2023-11-29 21:59:11'),(665,'Marissa Ellis','wattspatrick@example.com','2023-05-14','2023-11-29 21:59:11'),(666,'Lindsey Sellers','ibyrd@example.net','2023-04-08','2023-11-29 21:59:11'),(667,'Victoria Hancock','dlandry@example.org','2023-08-31','2023-11-29 21:59:11'),(668,'Linda Goodman','griffithalexandra@example.net','2023-11-18','2023-11-29 21:59:11'),(669,'Kristy Chang','thomassnow@example.org','2023-09-22','2023-11-29 21:59:11'),(670,'Joshua Cox DDS','andresdominguez@example.net','2023-10-04','2023-11-29 21:59:11'),(671,'Kevin Morris','wilsondonna@example.net','2022-04-29','2023-11-29 21:59:11'),(672,'Joseph Spencer','davispamela@example.com','2022-02-25','2023-11-29 21:59:11'),(673,'Ronald Jacobs','christinawelch@example.org','2022-11-29','2023-11-29 21:59:11'),(674,'Stacy King','brian61@example.net','2022-07-22','2023-11-29 21:59:11'),(675,'Elizabeth Lee','thomashoover@example.com','2022-07-26','2023-11-29 21:59:11'),(676,'Victoria Reeves','reneecollins@example.com','2023-06-10','2023-11-29 21:59:11'),(677,'Theresa Spencer','simmonskendra@example.net','2023-02-02','2023-11-29 21:59:11'),(678,'Gary Franklin','stephen69@example.net','2022-01-30','2023-11-29 21:59:11'),(679,'Jamie Gonzalez','penakelly@example.net','2022-10-01','2023-11-29 21:59:11'),(680,'Lisa Hancock','thomasjason@example.org','2022-07-03','2023-11-29 21:59:11'),(681,'Zachary Pugh','loricarter@example.com','2022-04-29','2023-11-29 21:59:11'),(682,'Danielle Gomez','spencer31@example.net','2023-02-26','2023-11-29 21:59:11'),(683,'Caitlyn Roman','qtucker@example.com','2022-02-12','2023-11-29 21:59:11'),(684,'Rebecca Moyer','suzanne97@example.net','2022-05-10','2023-11-29 21:59:11'),(685,'Michael Randolph','ooconnell@example.com','2023-03-02','2023-11-29 21:59:11'),(686,'Mr. William Pacheco','summersjeremy@example.com','2022-01-03','2023-11-29 21:59:11'),(687,'Thomas Reyes','paul30@example.org','2022-12-17','2023-11-29 21:59:11'),(688,'Timothy Black','sabrina40@example.net','2022-04-19','2023-11-29 21:59:11'),(689,'Maria Adams','susan24@example.com','2023-11-24','2023-11-29 21:59:11'),(690,'John Thomas','trevinojennifer@example.com','2022-07-15','2023-11-29 21:59:11'),(691,'Rebecca Villegas','joneskevin@example.com','2023-11-08','2023-11-29 21:59:11'),(692,'Paula Simon','marcusriley@example.net','2022-02-04','2023-11-29 21:59:11'),(693,'Andrew Avila','kyle70@example.org','2022-01-19','2023-11-29 21:59:11'),(694,'Stephanie Brown','qwilliams@example.net','2023-02-07','2023-11-29 21:59:11'),(695,'Amy Garcia','damonroberts@example.org','2022-04-28','2023-11-29 21:59:11'),(696,'Betty Lee','stephensanthony@example.com','2023-10-09','2023-11-29 21:59:11'),(697,'Sara Cameron','susan66@example.com','2023-05-15','2023-11-29 21:59:11'),(698,'Valerie Wright','yward@example.net','2022-04-26','2023-11-29 21:59:11'),(699,'Mary Glover','miguel29@example.net','2022-02-11','2023-11-29 21:59:11'),(700,'Jennifer Mitchell','emeyer@example.com','2022-08-30','2023-11-29 21:59:11'),(701,'Tara Miller','morgantyler@example.org','2022-10-03','2023-11-29 21:59:11'),(702,'James Cole','russell74@example.org','2023-05-21','2023-11-29 21:59:11'),(703,'Raymond Townsend','camachostephanie@example.org','2022-10-10','2023-11-29 21:59:11'),(704,'Samantha Lee','ashley13@example.net','2023-02-11','2023-11-29 21:59:11'),(705,'Melissa Bird','cranejacqueline@example.net','2022-06-06','2023-11-29 21:59:11'),(706,'Katherine Phillips','brianmiller@example.org','2022-10-19','2023-11-29 21:59:11'),(707,'Kevin Hernandez','andrew13@example.org','2023-01-26','2023-11-29 21:59:11'),(708,'Carrie Alexander','tracy65@example.net','2023-03-31','2023-11-29 21:59:11'),(709,'Anna Harrison','johnchapman@example.org','2023-05-08','2023-11-29 21:59:11'),(710,'Stephen Mills','xbrown@example.net','2023-01-11','2023-11-29 21:59:11'),(711,'Billy Ford','davila@example.net','2023-01-26','2023-11-29 21:59:11'),(712,'Amanda Jones','lmolina@example.com','2023-02-21','2023-11-29 21:59:11'),(713,'Jay Kelly','zachary52@example.net','2023-03-20','2023-11-29 21:59:11'),(714,'Justin Harris','hartluke@example.org','2022-03-09','2023-11-29 21:59:11'),(715,'Victoria Brown','driley@example.net','2022-04-23','2023-11-29 21:59:11'),(716,'Nancy Jordan','steven30@example.net','2023-11-09','2023-11-29 21:59:11'),(717,'Victor Hamilton','smithsarah@example.com','2022-07-22','2023-11-29 21:59:11'),(718,'Mrs. Kim Norman','marymitchell@example.net','2023-03-25','2023-11-29 21:59:11'),(719,'Christian Moyer','destiny73@example.org','2022-05-09','2023-11-29 21:59:11'),(720,'Holly Sexton','jenniferwilliams@example.net','2022-05-04','2023-11-29 21:59:11'),(721,'Cynthia Wilcox','dlewis@example.net','2022-05-31','2023-11-29 21:59:11'),(722,'Valerie Smith','ravenjackson@example.org','2023-11-20','2023-11-29 21:59:11'),(723,'Juan Powell','anthony69@example.com','2023-10-29','2023-11-29 21:59:11'),(724,'Ronald Benson','llee@example.org','2022-11-02','2023-11-29 21:59:11'),(725,'Susan Williams MD','tracy36@example.com','2022-07-07','2023-11-29 21:59:11'),(726,'Victor Alexander MD','allen75@example.org','2023-01-10','2023-11-29 21:59:11'),(727,'Nicole Gould','adamschristine@example.org','2022-08-09','2023-11-29 21:59:11'),(728,'Jessica Mitchell','austinvictoria@example.org','2022-11-14','2023-11-29 21:59:11'),(729,'Elizabeth Hansen','christine42@example.org','2023-10-18','2023-11-29 21:59:11'),(730,'Shannon Richmond','mary84@example.org','2023-11-21','2023-11-29 21:59:11'),(731,'Charles Jones','melody45@example.org','2023-09-23','2023-11-29 21:59:11'),(732,'Jason Freeman','jason95@example.net','2023-01-16','2023-11-29 21:59:11'),(733,'Shannon Ellis','ahayes@example.net','2022-02-03','2023-11-29 21:59:11'),(734,'James Vincent','tammy36@example.net','2023-07-16','2023-11-29 21:59:11'),(735,'Louis Wilson','veronica08@example.org','2023-01-06','2023-11-29 21:59:11'),(736,'Laura Benton','adam16@example.org','2023-10-20','2023-11-29 21:59:11'),(737,'Alejandro Garcia','dwarner@example.net','2023-11-12','2023-11-29 21:59:11'),(738,'James Elliott','afarmer@example.com','2022-05-06','2023-11-29 21:59:11'),(739,'Miranda Byrd','cooperbenjamin@example.com','2023-10-09','2023-11-29 21:59:11'),(740,'Michael Wallace','vickie50@example.org','2023-01-02','2023-11-29 21:59:11'),(741,'David Jacobs','amandaclark@example.net','2022-03-28','2023-11-29 21:59:11'),(742,'Lisa Rodriguez','megan48@example.org','2023-07-04','2023-11-29 21:59:11'),(743,'Jesse Henderson','tlee@example.com','2023-03-11','2023-11-29 21:59:11'),(744,'Molly Smith','brandon27@example.org','2023-01-13','2023-11-29 21:59:11'),(745,'Heather Kim','rose22@example.com','2023-06-18','2023-11-29 21:59:11'),(746,'Margaret Williamson','piercejanet@example.com','2022-03-10','2023-11-29 21:59:11'),(747,'John Hopkins','brianna05@example.org','2022-10-17','2023-11-29 21:59:11'),(748,'Andre Williams','juan92@example.org','2022-10-07','2023-11-29 21:59:11'),(749,'William Logan','michelle13@example.com','2022-04-28','2023-11-29 21:59:11'),(750,'Melissa Torres','brian25@example.com','2023-04-22','2023-11-29 21:59:11'),(751,'Keith Barr','pthornton@example.com','2023-07-19','2023-11-29 21:59:11'),(752,'Stephanie Tapia','benjaminstokes@example.org','2022-05-02','2023-11-29 21:59:11'),(753,'Brandon Pennington','hamiltonhannah@example.com','2023-08-06','2023-11-29 21:59:11'),(754,'Joseph Lopez','fordterri@example.net','2023-07-27','2023-11-29 21:59:11'),(755,'Daniel Bell','emily27@example.net','2023-03-19','2023-11-29 21:59:11'),(756,'Mark Jones','fosterjesse@example.org','2022-05-14','2023-11-29 21:59:11'),(757,'Lisa Bowen','joseharrison@example.com','2023-04-20','2023-11-29 21:59:11'),(758,'Annette Reyes','msullivan@example.net','2023-02-14','2023-11-29 21:59:11'),(759,'Melissa Walls','qwelch@example.net','2022-04-30','2023-11-29 21:59:11'),(760,'Dawn Robinson','wgutierrez@example.org','2023-04-10','2023-11-29 21:59:11'),(761,'Robert Smith','kenneth33@example.com','2023-10-23','2023-11-29 21:59:11'),(762,'Albert Taylor','cynthia33@example.net','2023-10-27','2023-11-29 21:59:11'),(763,'Carol Beltran','douglas16@example.net','2023-02-06','2023-11-29 21:59:11'),(764,'David Simon','katherinecox@example.org','2023-03-07','2023-11-29 21:59:11'),(765,'Debra Ramos','odunn@example.org','2022-06-23','2023-11-29 21:59:11'),(766,'Brandon Ruiz DVM','tandrews@example.com','2023-06-30','2023-11-29 21:59:11'),(767,'Christopher Salazar','david20@example.net','2022-11-10','2023-11-29 21:59:11'),(768,'Dana Long','aparks@example.org','2023-02-27','2023-11-29 21:59:11'),(769,'Debra Blackwell','icampbell@example.org','2022-01-02','2023-11-29 21:59:11'),(770,'Tammy Griffin','wangbrooke@example.net','2022-07-22','2023-11-29 21:59:11'),(771,'Tiffany Soto','floresphillip@example.net','2023-02-24','2023-11-29 21:59:11'),(772,'Jason Cobb','dianakelly@example.com','2022-03-05','2023-11-29 21:59:11'),(773,'Michael Smith','hrose@example.com','2023-04-05','2023-11-29 21:59:11'),(774,'Cathy Henry','robertscheryl@example.org','2022-07-28','2023-11-29 21:59:11'),(775,'Emily Dennis','heatherlopez@example.org','2023-06-27','2023-11-29 21:59:11'),(776,'Jose Alvarez','hugheschristopher@example.org','2023-08-06','2023-11-29 21:59:11'),(777,'Grace Bender','dianegrant@example.net','2023-09-26','2023-11-29 21:59:11'),(778,'Rachel Perez','mcgeestacey@example.com','2023-03-31','2023-11-29 21:59:11'),(779,'Jack Walker','patrickgriffin@example.net','2022-02-05','2023-11-29 21:59:11'),(780,'Erik Bell','robbinscarol@example.org','2023-05-03','2023-11-29 21:59:11'),(781,'Gregory Thompson','brookereilly@example.net','2022-05-11','2023-11-29 21:59:11'),(782,'Robert Jarvis','darleneyoung@example.org','2022-06-30','2023-11-29 21:59:11'),(783,'Wendy Michael','leonardjaclyn@example.org','2022-03-01','2023-11-29 21:59:11'),(784,'James Taylor','nicholashansen@example.net','2022-12-02','2023-11-29 21:59:11'),(785,'Mark Snyder','kyleevans@example.com','2022-03-01','2023-11-29 21:59:11'),(786,'Timothy Williamson','kathryn90@example.net','2023-03-03','2023-11-29 21:59:11'),(787,'Edward Mitchell','fernandezstacy@example.com','2023-02-04','2023-11-29 21:59:11'),(788,'Erica Edwards','sandrabrennan@example.com','2022-06-10','2023-11-29 21:59:11'),(789,'Kristina Nicholson','lydia91@example.com','2022-04-28','2023-11-29 21:59:11'),(790,'Jacob Martin','griffithsandra@example.net','2023-07-22','2023-11-29 21:59:11'),(791,'Dr. Karla Hamilton','alexandra25@example.org','2023-02-15','2023-11-29 21:59:11'),(792,'Susan Turner','lcarr@example.org','2022-11-07','2023-11-29 21:59:11'),(793,'Alec Thompson','cookmichael@example.net','2022-10-17','2023-11-29 21:59:11'),(794,'Johnny Fletcher','ylee@example.net','2022-10-26','2023-11-29 21:59:11'),(795,'Charles Fuller','roweandrea@example.org','2022-04-21','2023-11-29 21:59:11'),(796,'Kara Harper','wrightkrista@example.com','2023-09-09','2023-11-29 21:59:11'),(797,'Christopher King','montoyanicholas@example.org','2023-06-30','2023-11-29 21:59:11'),(798,'Mary Gibson','emacdonald@example.org','2023-11-19','2023-11-29 21:59:11'),(799,'Erin Hill','rebecca46@example.com','2022-01-25','2023-11-29 21:59:11'),(800,'Claudia Williams','kristin33@example.net','2022-04-04','2023-11-29 21:59:11'),(801,'Matthew Davis','longmichael@example.org','2022-08-07','2023-11-29 21:59:11'),(802,'Kathleen Ford','ichavez@example.com','2022-04-21','2023-11-29 21:59:11'),(803,'Donald Carter','vcooper@example.net','2022-08-17','2023-11-29 21:59:11'),(804,'Joseph Phillips','reidkathryn@example.org','2022-05-31','2023-11-29 21:59:11'),(805,'Leslie Johnson','larryescobar@example.net','2023-05-29','2023-11-29 21:59:11'),(806,'Marisa Lee','gordoncheryl@example.org','2023-04-09','2023-11-29 21:59:11'),(807,'Dr. Donald Hinton','eaustin@example.com','2022-08-21','2023-11-29 21:59:11'),(808,'Michael Peterson','umoore@example.org','2022-02-01','2023-11-29 21:59:11'),(809,'Ashley Martinez','mcgeemichael@example.net','2023-03-14','2023-11-29 21:59:11'),(810,'Troy Flores','jcarter@example.net','2023-11-06','2023-11-29 21:59:11'),(811,'Daniel Thomas','andersonclinton@example.net','2022-01-25','2023-11-29 21:59:11'),(812,'Anthony King','wgreene@example.net','2023-06-27','2023-11-29 21:59:11'),(813,'Brittany Snyder','melaniefox@example.org','2023-03-22','2023-11-29 21:59:11'),(814,'Jennifer Strong','adamsjoel@example.org','2022-06-07','2023-11-29 21:59:11'),(815,'Jamie Ritter','johndeleon@example.org','2022-11-27','2023-11-29 21:59:11'),(816,'Charles Lopez','hayesjessica@example.net','2022-09-20','2023-11-29 21:59:11'),(817,'Kelli Mathis','richardthompson@example.org','2023-07-23','2023-11-29 21:59:11'),(818,'Kevin Davis','mshort@example.org','2022-06-21','2023-11-29 21:59:11'),(819,'Amanda Lam','william23@example.org','2022-06-05','2023-11-29 21:59:11'),(820,'Lisa George','rojasjoshua@example.org','2022-11-19','2023-11-29 21:59:11'),(821,'Dawn Silva','michelle65@example.net','2022-03-25','2023-11-29 21:59:11'),(822,'Brittney Ferguson','ralphmiller@example.net','2022-07-02','2023-11-29 21:59:11'),(823,'Ryan Curry','lreynolds@example.com','2023-05-22','2023-11-29 21:59:11'),(824,'Angela Santiago','michaelgallagher@example.org','2023-09-03','2023-11-29 21:59:11'),(825,'Crystal Bartlett','qlee@example.com','2022-12-24','2023-11-29 21:59:11'),(826,'Lee Cook','ohawkins@example.com','2023-11-04','2023-11-29 21:59:11'),(827,'Cheryl Kelly','taylorrussell@example.org','2023-04-05','2023-11-29 21:59:11'),(828,'Mckenzie Hernandez','owenstimothy@example.net','2023-05-04','2023-11-29 21:59:11'),(829,'Glenn Hamilton','egibson@example.com','2022-11-06','2023-11-29 21:59:11'),(830,'Ryan Acevedo','robertortega@example.org','2022-09-22','2023-11-29 21:59:11'),(831,'Erica Williams','kristina38@example.org','2022-06-22','2023-11-29 21:59:11'),(832,'Hector Hess','fcortez@example.net','2023-11-26','2023-11-29 21:59:11'),(833,'Kimberly Salas','aguilarpamela@example.org','2023-10-30','2023-11-29 21:59:11'),(834,'Julie Williams','reneenewton@example.org','2022-04-22','2023-11-29 21:59:11'),(835,'Katelyn Cox','upeterson@example.org','2023-01-12','2023-11-29 21:59:11'),(836,'Erin Chen','qturner@example.net','2023-03-29','2023-11-29 21:59:11'),(837,'Robert Stafford','christopher74@example.net','2022-07-31','2023-11-29 21:59:11'),(838,'Jason Ibarra','kristin22@example.org','2023-08-21','2023-11-29 21:59:11'),(839,'Rachael Martin','mcdonaldkristen@example.org','2022-04-25','2023-11-29 21:59:11'),(840,'Dr. Stephanie Mcdonald','leslie41@example.org','2023-10-07','2023-11-29 21:59:11'),(841,'Katherine Jackson','jose70@example.com','2023-04-12','2023-11-29 21:59:11'),(842,'Michael Carter','williamslynn@example.net','2022-10-05','2023-11-29 21:59:11'),(843,'Jessica Reese','hlee@example.com','2023-02-28','2023-11-29 21:59:11'),(844,'Christopher Turner Jr.','brianna33@example.org','2022-04-17','2023-11-29 21:59:11'),(845,'Manuel Jones','lduran@example.org','2022-04-02','2023-11-29 21:59:11'),(846,'Mary Turner','andreasullivan@example.net','2023-06-28','2023-11-29 21:59:11'),(847,'William Anderson','lisa99@example.org','2023-09-29','2023-11-29 21:59:11'),(848,'Janet Orozco','cheryl28@example.com','2023-10-20','2023-11-29 21:59:11'),(849,'Scott Jordan','torresmaria@example.org','2022-07-08','2023-11-29 21:59:11'),(850,'Leslie Golden','jonessarah@example.net','2022-05-20','2023-11-29 21:59:11'),(851,'Shane Baldwin','carly98@example.net','2023-02-09','2023-11-29 21:59:11'),(852,'Melanie Barnes','millerjeffrey@example.com','2023-11-20','2023-11-29 21:59:11'),(853,'Autumn Williams','monica29@example.net','2023-03-20','2023-11-29 21:59:11'),(854,'Hannah Brown','mcdanielryan@example.com','2023-10-22','2023-11-29 21:59:11'),(855,'Renee Watson','stephenswilliam@example.com','2023-02-11','2023-11-29 21:59:11'),(856,'Randy Cruz','nicole79@example.net','2022-07-19','2023-11-29 21:59:11'),(857,'Jaime Jackson','sheppardrachel@example.org','2022-10-02','2023-11-29 21:59:11'),(858,'Kristi Thomas','woodsmiranda@example.org','2023-09-29','2023-11-29 21:59:11'),(859,'Shaun Anderson','mitchell48@example.net','2022-06-29','2023-11-29 21:59:11'),(860,'Thomas Cook','john05@example.org','2023-03-25','2023-11-29 21:59:11'),(861,'Tyler Andrews','tasha70@example.com','2022-02-16','2023-11-29 21:59:11'),(862,'Kevin Rivera','robert58@example.org','2022-05-15','2023-11-29 21:59:11'),(863,'Danielle Hobbs','crossjanice@example.org','2022-07-15','2023-11-29 21:59:11'),(864,'Matthew Reeves','ronald85@example.com','2023-08-28','2023-11-29 21:59:11'),(865,'Stephanie Singh','osborneamy@example.org','2022-04-13','2023-11-29 21:59:11'),(866,'Jennifer Santos','william81@example.net','2022-04-03','2023-11-29 21:59:11'),(867,'Kimberly Martin','pmorgan@example.com','2022-09-06','2023-11-29 21:59:11'),(868,'Michael Perry','brios@example.org','2022-05-03','2023-11-29 21:59:11'),(869,'Rodney Hernandez','garciajeffrey@example.net','2022-03-31','2023-11-29 21:59:11'),(870,'Kirk Potter MD','thomasanna@example.net','2022-08-08','2023-11-29 21:59:11'),(871,'Julie Morris','gilesmeghan@example.net','2022-11-21','2023-11-29 21:59:11'),(872,'Richard Salinas','rebeccawalter@example.org','2022-11-15','2023-11-29 21:59:11'),(873,'Rachel Long','aaronsmith@example.com','2022-02-27','2023-11-29 21:59:11'),(874,'James Mcintyre','lewisjohn@example.com','2022-04-04','2023-11-29 21:59:11'),(875,'Keith Yates','christopherperkins@example.org','2023-07-16','2023-11-29 21:59:11'),(876,'Ashley Lee','spencelori@example.net','2022-09-18','2023-11-29 21:59:11'),(877,'Lisa Williams','lmorgan@example.org','2023-01-30','2023-11-29 21:59:11'),(878,'Brittany Sanders DDS','lewismiranda@example.com','2023-09-28','2023-11-29 21:59:11'),(879,'Ronald Robinson','charlenegross@example.net','2022-09-27','2023-11-29 21:59:11'),(880,'Bobby Jefferson','benjamin29@example.org','2023-11-23','2023-11-29 21:59:11'),(881,'Matthew Montgomery','ryankim@example.org','2022-12-10','2023-11-29 21:59:11'),(882,'William Steele','washingtonjeff@example.net','2022-05-04','2023-11-29 21:59:11'),(883,'Kathryn Marquez','parktara@example.net','2023-08-13','2023-11-29 21:59:11'),(884,'Ian Lindsey','larrytran@example.org','2022-12-20','2023-11-29 21:59:11'),(885,'Michael Hernandez','paul06@example.com','2022-01-26','2023-11-29 21:59:11'),(886,'John Roberts','pknight@example.com','2023-05-16','2023-11-29 21:59:11'),(887,'Jeremy Anderson','morganwolfe@example.org','2023-11-05','2023-11-29 21:59:11'),(888,'Craig Patel','njones@example.org','2022-07-25','2023-11-29 21:59:11'),(889,'Dr. Jeffrey Clark','patrick11@example.org','2023-03-25','2023-11-29 21:59:11'),(890,'Michael Cruz','cynthia11@example.net','2023-03-23','2023-11-29 21:59:11'),(891,'Stephen Steele','nancy70@example.net','2023-03-08','2023-11-29 21:59:11'),(892,'Maurice Singh','elizabethschwartz@example.com','2023-06-11','2023-11-29 21:59:11'),(893,'Steven Alvarez','smarshall@example.com','2022-12-25','2023-11-29 21:59:11'),(894,'Annette Wagner','robin06@example.net','2023-07-12','2023-11-29 21:59:11'),(895,'Nathaniel Sanders','mary02@example.com','2023-08-17','2023-11-29 21:59:11'),(896,'Steven Hughes','anthony65@example.com','2022-03-18','2023-11-29 21:59:11'),(897,'Samantha Walker','hannah39@example.net','2022-07-04','2023-11-29 21:59:11'),(898,'Cynthia Bautista','matthewmiller@example.com','2023-02-22','2023-11-29 21:59:11'),(899,'Kevin Davis','uharris@example.org','2022-12-15','2023-11-29 21:59:11'),(900,'Nicholas Love','ralvarez@example.com','2023-08-08','2023-11-29 21:59:11'),(901,'Susan Campbell','michael77@example.net','2022-03-14','2023-11-29 21:59:11'),(902,'Michael Gomez','lisaleonard@example.org','2022-05-05','2023-11-29 21:59:11'),(903,'Kristen Wood','danny21@example.net','2022-09-11','2023-11-29 21:59:11'),(904,'Larry Rosario','howardmelanie@example.com','2022-01-02','2023-11-29 21:59:11'),(905,'James Wilson','gomezpaula@example.net','2023-06-09','2023-11-29 21:59:11'),(906,'Kathleen Mitchell','benjamin59@example.org','2022-08-19','2023-11-29 21:59:11'),(907,'Troy Robertson','lgraham@example.net','2022-11-18','2023-11-29 21:59:11'),(908,'David Trujillo','melissa70@example.net','2022-02-25','2023-11-29 21:59:11'),(909,'Charles Johnson','monicawilliams@example.net','2023-08-11','2023-11-29 21:59:11'),(910,'Michael Villarreal','gabrielallen@example.net','2022-08-20','2023-11-29 21:59:11'),(911,'Beverly Nash','sfields@example.org','2023-02-15','2023-11-29 21:59:11'),(912,'Jose Hickman','justin52@example.org','2023-07-29','2023-11-29 21:59:11'),(913,'Dennis Daniels','oanderson@example.net','2023-11-05','2023-11-29 21:59:11'),(914,'Gabriella Edwards','johnhinton@example.net','2022-05-06','2023-11-29 21:59:11'),(915,'Amy Gonzalez','ronniejohnson@example.net','2022-04-28','2023-11-29 21:59:11'),(916,'Gwendolyn Kelly','pkelly@example.org','2023-02-15','2023-11-29 21:59:11'),(917,'Dylan Wallace','vmarks@example.org','2023-07-31','2023-11-29 21:59:11'),(918,'Nicholas Haley','wardsteven@example.net','2022-11-23','2023-11-29 21:59:11'),(919,'Kimberly West','bkeller@example.com','2022-04-10','2023-11-29 21:59:11'),(920,'Aaron Nunez','monica52@example.com','2022-06-25','2023-11-29 21:59:11'),(921,'Anthony Copeland','nicolerusso@example.net','2022-05-12','2023-11-29 21:59:11'),(922,'Vincent Wilson','jeffrey56@example.net','2023-08-04','2023-11-29 21:59:11'),(923,'David Sherman','raymond86@example.com','2022-02-04','2023-11-29 21:59:11'),(924,'Teresa Cooper','jessica82@example.org','2022-10-04','2023-11-29 21:59:11'),(925,'Amanda Lopez','idickson@example.com','2023-02-26','2023-11-29 21:59:11'),(926,'Angela Robinson','marygreen@example.net','2022-01-09','2023-11-29 21:59:11'),(927,'Cody Lewis','wgibbs@example.com','2022-06-03','2023-11-29 21:59:11'),(928,'Charles Goodwin','bowmanderrick@example.org','2023-05-16','2023-11-29 21:59:11'),(929,'Edward Barnett','kimberly74@example.net','2022-01-06','2023-11-29 21:59:11'),(930,'Kelli Duran DDS','jeff97@example.com','2023-11-06','2023-11-29 21:59:11'),(931,'Angela Butler','hannahnelson@example.org','2022-02-24','2023-11-29 21:59:11'),(932,'Michael Hernandez','stephaniedennis@example.com','2022-03-29','2023-11-29 21:59:11'),(933,'Crystal Gibson','uevans@example.net','2022-08-27','2023-11-29 21:59:11'),(934,'Donna Duncan','andersonashley@example.net','2023-08-06','2023-11-29 21:59:11'),(935,'Crystal Gonzalez','ericasparks@example.com','2022-06-24','2023-11-29 21:59:11'),(936,'Anthony Farrell','sean63@example.com','2022-12-23','2023-11-29 21:59:11'),(937,'Sara Lambert','xbarker@example.net','2022-05-01','2023-11-29 21:59:11'),(938,'Sarah Murphy','kmalone@example.net','2023-02-23','2023-11-29 21:59:11'),(939,'Christian Patton','galvanbrent@example.org','2023-05-25','2023-11-29 21:59:11'),(940,'Jesus Clark','hallandrea@example.com','2023-10-29','2023-11-29 21:59:11'),(941,'Jessica Long','carol29@example.com','2022-03-01','2023-11-29 21:59:11'),(942,'Nancy Price','danielsdavid@example.net','2023-07-04','2023-11-29 21:59:11'),(943,'Sheena Cooper','sharonlopez@example.org','2023-11-07','2023-11-29 21:59:11'),(944,'Philip Jimenez','cfischer@example.com','2023-03-26','2023-11-29 21:59:11'),(945,'Katelyn Bryant','angelataylor@example.net','2023-10-30','2023-11-29 21:59:11'),(946,'Christine Patel','deniseevans@example.org','2023-07-28','2023-11-29 21:59:11'),(947,'Dylan Miller','oarnold@example.org','2022-09-23','2023-11-29 21:59:11'),(948,'Joe Mullins','lopezmark@example.org','2023-03-20','2023-11-29 21:59:11'),(949,'Dylan Anderson','maddensteven@example.org','2022-02-23','2023-11-29 21:59:11'),(950,'Kayla Clay','pedwards@example.net','2023-03-14','2023-11-29 21:59:11'),(951,'Joseph Mathews','nicolemclaughlin@example.net','2022-01-01','2023-11-29 21:59:11'),(952,'Mark Gutierrez','lewiskristen@example.org','2023-10-05','2023-11-29 21:59:11'),(953,'David Cross DVM','ricethomas@example.com','2023-07-09','2023-11-29 21:59:11'),(954,'Allen Gonzalez','berrybrandon@example.org','2023-04-24','2023-11-29 21:59:11'),(955,'Mark Barajas','davisrobert@example.com','2022-06-18','2023-11-29 21:59:11'),(956,'Danielle Porter','michelleosborne@example.com','2022-02-13','2023-11-29 21:59:11'),(957,'Rhonda Underwood','hollysmith@example.com','2022-09-04','2023-11-29 21:59:11'),(958,'Eric Jacobs','angelarichard@example.com','2022-04-10','2023-11-29 21:59:11'),(959,'Gabriel Hicks III','silvajoel@example.net','2022-03-25','2023-11-29 21:59:11'),(960,'Christopher Mason','shepherdmichele@example.net','2023-10-19','2023-11-29 21:59:11'),(961,'Natalie Schroeder','archerluis@example.com','2023-01-26','2023-11-29 21:59:11'),(962,'Keith Lyons','michael20@example.org','2023-01-21','2023-11-29 21:59:11'),(963,'Mr. Christopher Harrison','andrew04@example.com','2022-07-24','2023-11-29 21:59:11'),(964,'Nicole Barajas','amywaters@example.com','2022-08-06','2023-11-29 21:59:11'),(965,'Robert Daniels','valenzuelajohn@example.org','2022-05-27','2023-11-29 21:59:11'),(966,'Jonathan Murphy','evansmary@example.com','2023-10-23','2023-11-29 21:59:11'),(967,'Christina Cook','yoderamy@example.org','2022-08-11','2023-11-29 21:59:11'),(968,'Zachary Baker','qstevens@example.org','2022-11-30','2023-11-29 21:59:11'),(969,'Brandon Sullivan','parkbrooke@example.net','2023-09-02','2023-11-29 21:59:11'),(970,'Jason Smith','tuckerbrian@example.net','2022-01-17','2023-11-29 21:59:11'),(971,'Mary Lewis','stephaniespencer@example.net','2023-11-22','2023-11-29 21:59:11'),(972,'Amber Taylor','johnowen@example.org','2022-09-17','2023-11-29 21:59:11'),(973,'Kayla Cantrell','dkeith@example.org','2023-08-21','2023-11-29 21:59:11'),(974,'Gabriela Caldwell','dmyers@example.net','2023-11-13','2023-11-29 21:59:11'),(975,'Crystal Osborne','baileyelizabeth@example.net','2022-03-09','2023-11-29 21:59:11'),(976,'Christopher Perry','lindatorres@example.com','2023-09-14','2023-11-29 21:59:11'),(977,'Nichole Rosario','pamela98@example.org','2023-03-13','2023-11-29 21:59:11'),(978,'Theresa Campbell','floresbruce@example.com','2022-12-04','2023-11-29 21:59:11'),(979,'Nicole Smith','karen79@example.org','2023-02-06','2023-11-29 21:59:11'),(980,'Sarah Mooney','nmiller@example.com','2023-03-26','2023-11-29 21:59:11'),(981,'Veronica Ramsey','molinabobby@example.net','2022-11-13','2023-11-29 21:59:11'),(982,'Marcus Wood','patricia90@example.com','2022-09-04','2023-11-29 21:59:11'),(983,'David Reyes','lharrison@example.net','2023-04-17','2023-11-29 21:59:11'),(984,'Charles Brown','elizabethmoore@example.net','2023-06-01','2023-11-29 21:59:11'),(985,'Krystal James','lawrencemorales@example.com','2022-12-14','2023-11-29 21:59:11'),(986,'Emily Wheeler','briannagreen@example.org','2023-10-05','2023-11-29 21:59:11'),(987,'Joshua Maldonado','stephaniejones@example.org','2022-04-28','2023-11-29 21:59:11'),(988,'Robert Chase','njohnson@example.com','2022-10-29','2023-11-29 21:59:11'),(989,'William Whitney','elliotttracy@example.org','2023-08-29','2023-11-29 21:59:11'),(990,'John Wilson','shepardcourtney@example.com','2022-09-23','2023-11-29 21:59:11'),(991,'Robert Alvarez','rosejohn@example.org','2022-09-09','2023-11-29 21:59:11'),(992,'Destiny Rivera','sandralutz@example.net','2023-01-02','2023-11-29 21:59:11'),(993,'Kelsey Alexander','vroberts@example.net','2023-10-26','2023-11-29 21:59:11'),(994,'William Allison','emily22@example.net','2022-02-22','2023-11-29 21:59:11'),(995,'Ryan Boyd','hvargas@example.net','2023-01-18','2023-11-29 21:59:11'),(996,'Kelly Hernandez','allisonanderson@example.org','2022-09-23','2023-11-29 21:59:11'),(997,'Gina Gordon','lindapowell@example.net','2022-08-20','2023-11-29 21:59:11'),(998,'Elizabeth King','enash@example.org','2023-10-20','2023-11-29 21:59:11'),(999,'Nicole Williams','kendrabrown@example.net','2022-11-21','2023-11-29 21:59:11'),(1000,'Nicholas Rodriguez','ucole@example.com','2023-10-08','2023-11-29 21:59:11'),(1001,'James Larson','iblack@example.net','2022-07-14','2023-11-29 21:59:11'),(1002,'Christian Greene','barbarasmith@example.org','2023-11-03','2023-11-29 21:59:11'),(1003,'Travis Chen','nicole06@example.net','2022-09-15','2023-11-29 21:59:11'),(1004,'Richard Wade','autumncollins@example.com','2022-07-24','2023-11-29 21:59:11'),(1005,'Lisa Torres','johnirwin@example.org','2023-11-01','2023-11-29 21:59:11'),(1006,'Jay White','iwoods@example.com','2022-04-09','2023-11-29 21:59:11'),(1007,'Jonathan Carpenter','johnwilson@example.org','2022-07-20','2023-11-29 21:59:11'),(1008,'Darin Griffin','williamschristopher@example.net','2022-02-23','2023-11-29 21:59:11'),(1009,'Mark Cabrera','brandtstephanie@example.org','2022-12-08','2023-11-29 21:59:11'),(1010,'Crystal Brooks','andrewshaw@example.net','2023-02-04','2023-11-29 21:59:11'),(1011,'Jill Rose','millerandrew@example.org','2022-01-28','2023-11-29 21:59:11'),(1012,'Michael Webster','transteven@example.org','2023-09-30','2023-11-29 21:59:11'),(1013,'Gwendolyn Poole','xhendrix@example.com','2022-02-15','2023-11-29 21:59:11'),(1014,'Jamie Johnston MD','crossdonna@example.com','2023-10-29','2023-11-29 21:59:11'),(1015,'Aaron Perkins','laurenbaker@example.com','2022-09-24','2023-11-29 21:59:11'),(1016,'Devin Baker','rtaylor@example.org','2023-08-04','2023-11-29 21:59:11'),(1017,'Jeremy Lewis','wwilson@example.org','2023-05-29','2023-11-29 21:59:11'),(1018,'Andrew Gonzales','carl09@example.com','2022-10-31','2023-11-29 21:59:11'),(1019,'Kim Osborn','stacy14@example.com','2023-09-28','2023-11-29 21:59:11'),(1020,'David Hinton','tcobb@example.org','2022-11-22','2023-11-29 21:59:11'),(1021,'Linda Hall','mquinn@example.net','2022-08-14','2023-11-29 21:59:11'),(1022,'Scott Brooks','ododson@example.com','2023-02-05','2023-11-29 21:59:11'),(1023,'Meghan Eaton','dwright@example.com','2022-05-10','2023-11-29 21:59:11'),(1024,'Ashley Fry','wperkins@example.com','2023-08-01','2023-11-29 21:59:11'),(1025,'Margaret Jordan','lindseydavid@example.net','2022-08-21','2023-11-29 21:59:11'),(1026,'Kyle Gonzalez','wrightblake@example.net','2023-09-19','2023-11-29 21:59:11'),(1027,'William Martin','meyersglenn@example.net','2022-12-07','2023-11-29 21:59:11'),(1028,'Ryan Montgomery','bhall@example.net','2023-07-04','2023-11-29 21:59:11'),(1029,'Diana Johnson','nathanjenkins@example.net','2022-06-16','2023-11-29 21:59:11'),(1030,'Tara Johnson','connor10@example.com','2023-08-25','2023-11-29 21:59:11'),(1031,'Christina White','donnajones@example.net','2022-08-23','2023-11-29 21:59:11'),(1032,'Duane Thompson','amber35@example.com','2023-05-11','2023-11-29 21:59:11'),(1033,'Debra Erickson','hayesdanielle@example.com','2022-09-10','2023-11-29 21:59:11'),(1034,'Timothy Santiago','shawn85@example.org','2022-01-22','2023-11-29 21:59:11'),(1035,'Holly Vargas','castillokyle@example.net','2023-04-09','2023-11-29 21:59:11'),(1036,'Jasmin Montgomery','lisastevens@example.net','2022-07-15','2023-11-29 21:59:11'),(1037,'James Miller','petersonkayla@example.net','2022-02-02','2023-11-29 21:59:11'),(1038,'Barbara Richmond','sbrown@example.net','2022-04-03','2023-11-29 21:59:11'),(1039,'Kevin Thompson','nunezmiranda@example.com','2023-05-21','2023-11-29 21:59:11'),(1040,'Adam Sanford','cynthiahart@example.net','2023-10-19','2023-11-29 21:59:11'),(1041,'Dalton Olsen','victoriaperry@example.net','2023-02-17','2023-11-29 21:59:11'),(1042,'Terri Carroll','cynthiataylor@example.org','2022-06-17','2023-11-29 21:59:11'),(1043,'Christopher Nash','tammylewis@example.com','2022-11-07','2023-11-29 21:59:11'),(1044,'Johnathan Wong','aaron64@example.org','2022-08-12','2023-11-29 21:59:11'),(1045,'Debra Wolf','michaeljensen@example.com','2022-07-18','2023-11-29 21:59:11'),(1046,'Brian Holmes','douglascosta@example.com','2022-07-30','2023-11-29 21:59:11'),(1047,'Jennifer Delgado','longalexis@example.org','2022-11-21','2023-11-29 21:59:11'),(1048,'Jose Scott','diane30@example.com','2023-04-01','2023-11-29 21:59:11'),(1049,'Joseph Mitchell','jameskelly@example.net','2022-10-05','2023-11-29 21:59:11'),(1050,'Abigail Krueger','kennethpowers@example.org','2023-05-21','2023-11-29 21:59:11'),(1051,'Michele Cruz','oliverkeith@example.net','2022-10-29','2023-11-29 21:59:11'),(1052,'Darren Parks','michelleedwards@example.org','2022-01-19','2023-11-29 21:59:11'),(1053,'Gwendolyn Mendez','larryali@example.net','2023-01-14','2023-11-29 21:59:11'),(1054,'Joshua Lynch','kenneth68@example.net','2022-04-26','2023-11-29 21:59:11'),(1055,'Caleb Wilson','markskatherine@example.com','2022-11-05','2023-11-29 21:59:11'),(1056,'Cheryl King','sandersmaria@example.net','2022-08-05','2023-11-29 21:59:11'),(1057,'Daisy Hurley','tiffany02@example.org','2022-01-21','2023-11-29 21:59:11'),(1058,'Mandy Holmes','stacybarajas@example.com','2022-01-09','2023-11-29 21:59:11'),(1059,'Scott Sherman','sloandenise@example.com','2022-11-10','2023-11-29 21:59:11'),(1060,'Karen Potter','maurice55@example.net','2022-05-25','2023-11-29 21:59:11'),(1061,'Samantha Jennings','fergusonlori@example.com','2022-05-14','2023-11-29 21:59:11'),(1062,'Lee Smith','leegarcia@example.com','2022-07-31','2023-11-29 21:59:11'),(1063,'Brian Reynolds','caitlin93@example.net','2022-04-26','2023-11-29 21:59:11'),(1064,'Michelle Torres','warrendiaz@example.net','2023-07-09','2023-11-29 21:59:11'),(1065,'Alex Foster','stephanielewis@example.org','2023-05-22','2023-11-29 21:59:11'),(1066,'Charles Castillo','lfisher@example.org','2022-06-16','2023-11-29 21:59:11'),(1067,'Megan Brooks DVM','kimberlygarcia@example.net','2022-12-05','2023-11-29 21:59:11'),(1068,'Jessica Braun','ubutler@example.net','2023-06-29','2023-11-29 21:59:11'),(1069,'Jordan Johnson','uclark@example.com','2023-07-19','2023-11-29 21:59:11'),(1070,'Shawn Castillo','brittany60@example.org','2023-08-05','2023-11-29 21:59:11'),(1071,'Melissa Baker','kennethmassey@example.org','2023-08-04','2023-11-29 21:59:11'),(1072,'Jason Fuller','cgibbs@example.com','2023-05-10','2023-11-29 21:59:11'),(1073,'Richard Douglas','whunter@example.com','2022-07-10','2023-11-29 21:59:11'),(1074,'Brenda Rice','charlesbarnes@example.com','2022-10-28','2023-11-29 21:59:11'),(1075,'Rebecca Foster','amandafrey@example.net','2022-06-20','2023-11-29 21:59:11'),(1076,'Scott Donaldson','patrick56@example.net','2022-07-26','2023-11-29 21:59:11'),(1077,'George Sloan','stacy58@example.net','2023-01-18','2023-11-29 21:59:11'),(1078,'Steven Gentry','susan38@example.org','2023-03-23','2023-11-29 21:59:11'),(1079,'Craig Cooley','kelly05@example.org','2022-06-06','2023-11-29 21:59:11'),(1080,'Cody Cardenas','drollins@example.com','2023-08-18','2023-11-29 21:59:11'),(1081,'William Davis','juliepruitt@example.com','2023-02-15','2023-11-29 21:59:11'),(1082,'Jessica Smith','ruizalbert@example.org','2022-11-12','2023-11-29 21:59:11'),(1083,'Jacob Stewart','agregory@example.org','2023-07-05','2023-11-29 21:59:11'),(1084,'Nicole Parker','hopkinsstephanie@example.com','2023-05-14','2023-11-29 21:59:11'),(1085,'Jennifer Cruz','wheelerglenn@example.com','2022-04-12','2023-11-29 21:59:11'),(1086,'Corey Garcia','ugutierrez@example.com','2022-10-12','2023-11-29 21:59:11'),(1087,'Anna Mendoza','pmartinez@example.com','2023-10-03','2023-11-29 21:59:11'),(1088,'Tracy Bates','turnerpaula@example.org','2022-03-18','2023-11-29 21:59:11'),(1089,'Erin Martinez','rogerscarolyn@example.com','2022-09-26','2023-11-29 21:59:11'),(1090,'James Hart','carolinehowe@example.com','2023-06-14','2023-11-29 21:59:11'),(1091,'Melissa Reyes','karen37@example.net','2022-07-28','2023-11-29 21:59:11'),(1092,'Jessica Gonzales','cunninghamkathleen@example.org','2022-07-24','2023-11-29 21:59:11'),(1093,'Misty Dawson','stephanie76@example.net','2023-07-04','2023-11-29 21:59:11'),(1094,'Joshua Wyatt','suzannescott@example.net','2023-09-28','2023-11-29 21:59:11'),(1095,'Nathan Townsend','jacobsjohn@example.com','2023-02-14','2023-11-29 21:59:11'),(1096,'Erika Santiago','hurleyjames@example.com','2023-03-24','2023-11-29 21:59:11'),(1097,'Robert Paul','martinezdanielle@example.net','2023-06-16','2023-11-29 21:59:11'),(1098,'Kenneth Williams','kimberlyrusso@example.net','2022-07-27','2023-11-29 21:59:11'),(1099,'Justin Young','davidmorris@example.org','2022-06-28','2023-11-29 21:59:11'),(1100,'Javier Mcdowell','barkerandrew@example.com','2022-05-05','2023-11-29 21:59:11');
/*!40000 ALTER TABLE `Students` ENABLE KEYS */;
UNLOCK TABLES;
/*!40103 SET TIME_ZONE=@OLD_TIME_ZONE */;

/*!40101 SET SQL_MODE=@OLD_SQL_MODE */;
/*!40014 SET FOREIGN_KEY_CHECKS=@OLD_FOREIGN_KEY_CHECKS */;
/*!40014 SET UNIQUE_CHECKS=@OLD_UNIQUE_CHECKS */;
/*!40101 SET CHARACTER_SET_CLIENT=@OLD_CHARACTER_SET_CLIENT */;
/*!40101 SET CHARACTER_SET_RESULTS=@OLD_CHARACTER_SET_RESULTS */;
/*!40101 SET COLLATION_CONNECTION=@OLD_COLLATION_CONNECTION */;
/*!40111 SET SQL_NOTES=@OLD_SQL_NOTES */;

-- Dump completed on 2023-11-29 21:27:24
